fichier,methode
/Users/loeuljeanpierre/Library/Mobile Documents/com~apple~CloudDocs/Documents/2-ESEO/2-2eAnnee/8-TNI/5-Projet/Dataset/1512427/brainTumorDataPublic_767-1532/777.mat,3
/Users/loeuljeanpierre/Library/Mobile Documents/com~apple~CloudDocs/Documents/2-ESEO/2-2eAnnee/8-TNI/5-Projet/Dataset/1512427/brainTumorDataPublic_1-766/304.mat,3
/Users/loeuljeanpierre/Library/Mobile Documents/com~apple~CloudDocs/Documents/2-ESEO/2-2eAnnee/8-TNI/5-Projet/Dataset/1512427/brainTumorDataPublic_1-766/145.mat,1
/Users/loeuljeanpierre/Library/Mobile Documents/com~apple~CloudDocs/Documents/2-ESEO/2-2eAnnee/8-TNI/5-Projet/Dataset/1512427/brainTumorDataPublic_1-766/606.mat,4
/Users/loeuljeanpierre/Library/Mobile Documents/com~apple~CloudDocs/Documents/2-ESEO/2-2eAnnee/8-TNI/5-Projet/Dataset/1512427/brainTumorDataPublic_1-766/550.mat,4
/Users/loeuljeanpierre/Library/Mobile Documents/com~apple~CloudDocs/Documents/2-ESEO/2-2eAnnee/8-TNI/5-Projet/Dataset/1512427/brainTumorDataPublic_1-766/510.mat,2
/Users/loeuljeanpierre/Library/Mobile Documents/com~apple~CloudDocs/Documents/2-ESEO/2-2eAnnee/8-TNI/5-Projet/Dataset/1512427/brainTumorDataPublic_1-766/356.mat,3
/Users/loeuljeanpierre/Library/Mobile Documents/com~apple~CloudDocs/Documents/2-ESEO/2-2eAnnee/8-TNI/5-Projet/Dataset/1512427/brainTumorDataPublic_1-766/288.mat,3
/Users/loeuljeanpierre/Library/Mobile Documents/com~apple~CloudDocs/Documents/2-ESEO/2-2eAnnee/8-TNI/5-Projet/Dataset/1512427/brainTumorDataPublic_767-1532/853.mat,4
/Users/loeuljeanpierre/Library/Mobile Documents/com~apple~CloudDocs/Documents/2-ESEO/2-2eAnnee/8-TNI/5-Projet/Dataset/1512427/brainTumorDataPublic_767-1532/1350.mat,1
/Users/loeuljeanpierre/Library/Mobile Documents/com~apple~CloudDocs/Documents/2-ESEO/2-2eAnnee/8-TNI/5-Projet/Dataset/1512427/brainTumorDataPublic_1-766/26.mat,1
/Users/loeuljeanpierre/Library/Mobile Documents/com~apple~CloudDocs/Documents/2-ESEO/2-2eAnnee/8-TNI/5-Projet/Dataset/1512427/brainTumorDataPublic_1-766/158.mat,1
/Users/loeuljeanpierre/Library/Mobile Documents/com~apple~CloudDocs/Documents/2-ESEO/2-2eAnnee/8-TNI/5-Projet/Dataset/1512427/brainTumorDataPublic_1-766/154.mat,1
/Users/loeuljeanpierre/Library/Mobile Documents/com~apple~CloudDocs/Documents/2-ESEO/2-2eAnnee/8-TNI/5-Projet/Dataset/1512427/brainTumorDataPublic_1-766/271.mat,3
/Users/loeuljeanpierre/Library/Mobile Documents/com~apple~CloudDocs/Documents/2-ESEO/2-2eAnnee/8-TNI/5-Projet/Dataset/1512427/brainTumorDataPublic_1-766/501.mat,4
/Users/loeuljeanpierre/Library/Mobile Documents/com~apple~CloudDocs/Documents/2-ESEO/2-2eAnnee/8-TNI/5-Projet/Dataset/1512427/brainTumorDataPublic_1-766/528.mat,2
/Users/loeuljeanpierre/Library/Mobile Documents/com~apple~CloudDocs/Documents/2-ESEO/2-2eAnnee/8-TNI/5-Projet/Dataset/1512427/brainTumorDataPublic_1-766/148.mat,1
/Users/loeuljeanpierre/Library/Mobile Documents/com~apple~CloudDocs/Documents/2-ESEO/2-2eAnnee/8-TNI/5-Projet/Dataset/1512427/brainTumorDataPublic_1-766/466.mat,4
/Users/loeuljeanpierre/Library/Mobile Documents/com~apple~CloudDocs/Documents/2-ESEO/2-2eAnnee/8-TNI/5-Projet/Dataset/1512427/brainTumorDataPublic_767-1532/904.mat,2
/Users/loeuljeanpierre/Library/Mobile Documents/com~apple~CloudDocs/Documents/2-ESEO/2-2eAnnee/8-TNI/5-Projet/Dataset/1512427/brainTumorDataPublic_767-1532/1440.mat,1
/Users/loeuljeanpierre/Library/Mobile Documents/com~apple~CloudDocs/Documents/2-ESEO/2-2eAnnee/8-TNI/5-Projet/Dataset/1512427/brainTumorDataPublic_1-766/611.mat,2
/Users/loeuljeanpierre/Library/Mobile Documents/com~apple~CloudDocs/Documents/2-ESEO/2-2eAnnee/8-TNI/5-Projet/Dataset/1512427/brainTumorDataPublic_1-766/110.mat,1
/Users/loeuljeanpierre/Library/Mobile Documents/com~apple~CloudDocs/Documents/2-ESEO/2-2eAnnee/8-TNI/5-Projet/Dataset/1512427/brainTumorDataPublic_1-766/393.mat,3
/Users/loeuljeanpierre/Library/Mobile Documents/com~apple~CloudDocs/Documents/2-ESEO/2-2eAnnee/8-TNI/5-Projet/Dataset/1512427/brainTumorDataPublic_767-1532/897.mat,4
/Users/loeuljeanpierre/Library/Mobile Documents/com~apple~CloudDocs/Documents/2-ESEO/2-2eAnnee/8-TNI/5-Projet/Dataset/1512427/brainTumorDataPublic_1-766/726.mat,1
/Users/loeuljeanpierre/Library/Mobile Documents/com~apple~CloudDocs/Documents/2-ESEO/2-2eAnnee/8-TNI/5-Projet/Dataset/1512427/brainTumorDataPublic_1-766/386.mat,3
/Users/loeuljeanpierre/Library/Mobile Documents/com~apple~CloudDocs/Documents/2-ESEO/2-2eAnnee/8-TNI/5-Projet/Dataset/1512427/brainTumorDataPublic_1-766/496.mat,4
/Users/loeuljeanpierre/Library/Mobile Documents/com~apple~CloudDocs/Documents/2-ESEO/2-2eAnnee/8-TNI/5-Projet/Dataset/1512427/brainTumorDataPublic_1-766/72.mat,1
/Users/loeuljeanpierre/Library/Mobile Documents/com~apple~CloudDocs/Documents/2-ESEO/2-2eAnnee/8-TNI/5-Projet/Dataset/1512427/brainTumorDataPublic_1-766/27.mat,1
/Users/loeuljeanpierre/Library/Mobile Documents/com~apple~CloudDocs/Documents/2-ESEO/2-2eAnnee/8-TNI/5-Projet/Dataset/1512427/brainTumorDataPublic_1-766/278.mat,3
/Users/loeuljeanpierre/Library/Mobile Documents/com~apple~CloudDocs/Documents/2-ESEO/2-2eAnnee/8-TNI/5-Projet/Dataset/1512427/brainTumorDataPublic_1-766/733.mat,1
/Users/loeuljeanpierre/Library/Mobile Documents/com~apple~CloudDocs/Documents/2-ESEO/2-2eAnnee/8-TNI/5-Projet/Dataset/1512427/brainTumorDataPublic_1-766/587.mat,2
/Users/loeuljeanpierre/Library/Mobile Documents/com~apple~CloudDocs/Documents/2-ESEO/2-2eAnnee/8-TNI/5-Projet/Dataset/1512427/brainTumorDataPublic_1-766/179.mat,1
/Users/loeuljeanpierre/Library/Mobile Documents/com~apple~CloudDocs/Documents/2-ESEO/2-2eAnnee/8-TNI/5-Projet/Dataset/1512427/brainTumorDataPublic_767-1532/820.mat,2
/Users/loeuljeanpierre/Library/Mobile Documents/com~apple~CloudDocs/Documents/2-ESEO/2-2eAnnee/8-TNI/5-Projet/Dataset/1512427/brainTumorDataPublic_767-1532/1169.mat,4
/Users/loeuljeanpierre/Library/Mobile Documents/com~apple~CloudDocs/Documents/2-ESEO/2-2eAnnee/8-TNI/5-Projet/Dataset/1512427/brainTumorDataPublic_1-766/679.mat,4
/Users/loeuljeanpierre/Library/Mobile Documents/com~apple~CloudDocs/Documents/2-ESEO/2-2eAnnee/8-TNI/5-Projet/Dataset/1512427/brainTumorDataPublic_1-766/554.mat,4
/Users/loeuljeanpierre/Library/Mobile Documents/com~apple~CloudDocs/Documents/2-ESEO/2-2eAnnee/8-TNI/5-Projet/Dataset/1512427/brainTumorDataPublic_767-1532/880.mat,2
/Users/loeuljeanpierre/Library/Mobile Documents/com~apple~CloudDocs/Documents/2-ESEO/2-2eAnnee/8-TNI/5-Projet/Dataset/1512427/brainTumorDataPublic_767-1532/875.mat,4
/Users/loeuljeanpierre/Library/Mobile Documents/com~apple~CloudDocs/Documents/2-ESEO/2-2eAnnee/8-TNI/5-Projet/Dataset/1512427/brainTumorDataPublic_767-1532/1501.mat,3
/Users/loeuljeanpierre/Library/Mobile Documents/com~apple~CloudDocs/Documents/2-ESEO/2-2eAnnee/8-TNI/5-Projet/Dataset/1512427/brainTumorDataPublic_1-766/486.mat,4
/Users/loeuljeanpierre/Library/Mobile Documents/com~apple~CloudDocs/Documents/2-ESEO/2-2eAnnee/8-TNI/5-Projet/Dataset/1512427/brainTumorDataPublic_1-766/116.mat,1
/Users/loeuljeanpierre/Library/Mobile Documents/com~apple~CloudDocs/Documents/2-ESEO/2-2eAnnee/8-TNI/5-Projet/Dataset/1512427/brainTumorDataPublic_767-1532/832.mat,2
/Users/loeuljeanpierre/Library/Mobile Documents/com~apple~CloudDocs/Documents/2-ESEO/2-2eAnnee/8-TNI/5-Projet/Dataset/1512427/brainTumorDataPublic_1-766/568.mat,2
/Users/loeuljeanpierre/Library/Mobile Documents/com~apple~CloudDocs/Documents/2-ESEO/2-2eAnnee/8-TNI/5-Projet/Dataset/1512427/brainTumorDataPublic_1-766/645.mat,4
/Users/loeuljeanpierre/Library/Mobile Documents/com~apple~CloudDocs/Documents/2-ESEO/2-2eAnnee/8-TNI/5-Projet/Dataset/1512427/brainTumorDataPublic_1-766/159.mat,1
/Users/loeuljeanpierre/Library/Mobile Documents/com~apple~CloudDocs/Documents/2-ESEO/2-2eAnnee/8-TNI/5-Projet/Dataset/1512427/brainTumorDataPublic_767-1532/827.mat,4
/Users/loeuljeanpierre/Library/Mobile Documents/com~apple~CloudDocs/Documents/2-ESEO/2-2eAnnee/8-TNI/5-Projet/Dataset/1512427/brainTumorDataPublic_1-766/54.mat,1
/Users/loeuljeanpierre/Library/Mobile Documents/com~apple~CloudDocs/Documents/2-ESEO/2-2eAnnee/8-TNI/5-Projet/Dataset/1512427/brainTumorDataPublic_767-1532/1277.mat,4
/Users/loeuljeanpierre/Library/Mobile Documents/com~apple~CloudDocs/Documents/2-ESEO/2-2eAnnee/8-TNI/5-Projet/Dataset/1512427/brainTumorDataPublic_1-766/684.mat,4
/Users/loeuljeanpierre/Library/Mobile Documents/com~apple~CloudDocs/Documents/2-ESEO/2-2eAnnee/8-TNI/5-Projet/Dataset/1512427/brainTumorDataPublic_1-766/134.mat,1
/Users/loeuljeanpierre/Library/Mobile Documents/com~apple~CloudDocs/Documents/2-ESEO/2-2eAnnee/8-TNI/5-Projet/Dataset/1512427/brainTumorDataPublic_767-1532/1120.mat,3
/Users/loeuljeanpierre/Library/Mobile Documents/com~apple~CloudDocs/Documents/2-ESEO/2-2eAnnee/8-TNI/5-Projet/Dataset/1512427/brainTumorDataPublic_1-766/169.mat,1
/Users/loeuljeanpierre/Library/Mobile Documents/com~apple~CloudDocs/Documents/2-ESEO/2-2eAnnee/8-TNI/5-Projet/Dataset/1512427/brainTumorDataPublic_767-1532/851.mat,4
/Users/loeuljeanpierre/Library/Mobile Documents/com~apple~CloudDocs/Documents/2-ESEO/2-2eAnnee/8-TNI/5-Projet/Dataset/1512427/brainTumorDataPublic_1-766/147.mat,1
/Users/loeuljeanpierre/Library/Mobile Documents/com~apple~CloudDocs/Documents/2-ESEO/2-2eAnnee/8-TNI/5-Projet/Dataset/1512427/brainTumorDataPublic_767-1532/1368.mat,5
/Users/loeuljeanpierre/Library/Mobile Documents/com~apple~CloudDocs/Documents/2-ESEO/2-2eAnnee/8-TNI/5-Projet/Dataset/1512427/brainTumorDataPublic_1-766/614.mat,2
/Users/loeuljeanpierre/Library/Mobile Documents/com~apple~CloudDocs/Documents/2-ESEO/2-2eAnnee/8-TNI/5-Projet/Dataset/1512427/brainTumorDataPublic_1-766/526.mat,4
/Users/loeuljeanpierre/Library/Mobile Documents/com~apple~CloudDocs/Documents/2-ESEO/2-2eAnnee/8-TNI/5-Projet/Dataset/1512427/brainTumorDataPublic_1-766/289.mat,3
/Users/loeuljeanpierre/Library/Mobile Documents/com~apple~CloudDocs/Documents/2-ESEO/2-2eAnnee/8-TNI/5-Projet/Dataset/1512427/brainTumorDataPublic_1-766/387.mat,3
/Users/loeuljeanpierre/Library/Mobile Documents/com~apple~CloudDocs/Documents/2-ESEO/2-2eAnnee/8-TNI/5-Projet/Dataset/1512427/brainTumorDataPublic_767-1532/1337.mat,5
/Users/loeuljeanpierre/Library/Mobile Documents/com~apple~CloudDocs/Documents/2-ESEO/2-2eAnnee/8-TNI/5-Projet/Dataset/1512427/brainTumorDataPublic_767-1532/867.mat,3
/Users/loeuljeanpierre/Library/Mobile Documents/com~apple~CloudDocs/Documents/2-ESEO/2-2eAnnee/8-TNI/5-Projet/Dataset/1512427/brainTumorDataPublic_767-1532/956.mat,5
/Users/loeuljeanpierre/Library/Mobile Documents/com~apple~CloudDocs/Documents/2-ESEO/2-2eAnnee/8-TNI/5-Projet/Dataset/1512427/brainTumorDataPublic_767-1532/1324.mat,5
/Users/loeuljeanpierre/Library/Mobile Documents/com~apple~CloudDocs/Documents/2-ESEO/2-2eAnnee/8-TNI/5-Projet/Dataset/1512427/brainTumorDataPublic_767-1532/835.mat,2
/Users/loeuljeanpierre/Library/Mobile Documents/com~apple~CloudDocs/Documents/2-ESEO/2-2eAnnee/8-TNI/5-Projet/Dataset/1512427/brainTumorDataPublic_1-766/575.mat,4
/Users/loeuljeanpierre/Library/Mobile Documents/com~apple~CloudDocs/Documents/2-ESEO/2-2eAnnee/8-TNI/5-Projet/Dataset/1512427/brainTumorDataPublic_1-766/629.mat,4
/Users/loeuljeanpierre/Library/Mobile Documents/com~apple~CloudDocs/Documents/2-ESEO/2-2eAnnee/8-TNI/5-Projet/Dataset/1512427/brainTumorDataPublic_1-766/127.mat,1
/Users/loeuljeanpierre/Library/Mobile Documents/com~apple~CloudDocs/Documents/2-ESEO/2-2eAnnee/8-TNI/5-Projet/Dataset/1512427/brainTumorDataPublic_1-766/657.mat,4
/Users/loeuljeanpierre/Library/Mobile Documents/com~apple~CloudDocs/Documents/2-ESEO/2-2eAnnee/8-TNI/5-Projet/Dataset/1512427/brainTumorDataPublic_767-1532/1288.mat,5
/Users/loeuljeanpierre/Library/Mobile Documents/com~apple~CloudDocs/Documents/2-ESEO/2-2eAnnee/8-TNI/5-Projet/Dataset/1512427/brainTumorDataPublic_1-766/129.mat,5
/Users/loeuljeanpierre/Library/Mobile Documents/com~apple~CloudDocs/Documents/2-ESEO/2-2eAnnee/8-TNI/5-Projet/Dataset/1512427/brainTumorDataPublic_767-1532/1313.mat,5
/Users/loeuljeanpierre/Library/Mobile Documents/com~apple~CloudDocs/Documents/2-ESEO/2-2eAnnee/8-TNI/5-Projet/Dataset/1512427/brainTumorDataPublic_1-766/137.mat,1
/Users/loeuljeanpierre/Library/Mobile Documents/com~apple~CloudDocs/Documents/2-ESEO/2-2eAnnee/8-TNI/5-Projet/Dataset/1512427/brainTumorDataPublic_767-1532/1297.mat,5
/Users/loeuljeanpierre/Library/Mobile Documents/com~apple~CloudDocs/Documents/2-ESEO/2-2eAnnee/8-TNI/5-Projet/Dataset/1512427/brainTumorDataPublic_1-766/295.mat,3
/Users/loeuljeanpierre/Library/Mobile Documents/com~apple~CloudDocs/Documents/2-ESEO/2-2eAnnee/8-TNI/5-Projet/Dataset/1512427/brainTumorDataPublic_1-766/95.mat,5
/Users/loeuljeanpierre/Library/Mobile Documents/com~apple~CloudDocs/Documents/2-ESEO/2-2eAnnee/8-TNI/5-Projet/Dataset/1512427/brainTumorDataPublic_767-1532/1351.mat,1
/Users/loeuljeanpierre/Library/Mobile Documents/com~apple~CloudDocs/Documents/2-ESEO/2-2eAnnee/8-TNI/5-Projet/Dataset/1512427/brainTumorDataPublic_1-766/6.mat,5
/Users/loeuljeanpierre/Library/Mobile Documents/com~apple~CloudDocs/Documents/2-ESEO/2-2eAnnee/8-TNI/5-Projet/Dataset/1512427/brainTumorDataPublic_767-1532/1032.mat,5
/Users/loeuljeanpierre/Library/Mobile Documents/com~apple~CloudDocs/Documents/2-ESEO/2-2eAnnee/8-TNI/5-Projet/Dataset/1512427/brainTumorDataPublic_767-1532/986.mat,5
/Users/loeuljeanpierre/Library/Mobile Documents/com~apple~CloudDocs/Documents/2-ESEO/2-2eAnnee/8-TNI/5-Projet/Dataset/1512427/brainTumorDataPublic_1-766/201.mat,1
/Users/loeuljeanpierre/Library/Mobile Documents/com~apple~CloudDocs/Documents/2-ESEO/2-2eAnnee/8-TNI/5-Projet/Dataset/1512427/brainTumorDataPublic_1-766/41.mat,5
/Users/loeuljeanpierre/Library/Mobile Documents/com~apple~CloudDocs/Documents/2-ESEO/2-2eAnnee/8-TNI/5-Projet/Dataset/1512427/brainTumorDataPublic_1-766/83.mat,1
/Users/loeuljeanpierre/Library/Mobile Documents/com~apple~CloudDocs/Documents/2-ESEO/2-2eAnnee/8-TNI/5-Projet/Dataset/1512427/brainTumorDataPublic_767-1532/1298.mat,5
/Users/loeuljeanpierre/Library/Mobile Documents/com~apple~CloudDocs/Documents/2-ESEO/2-2eAnnee/8-TNI/5-Projet/Dataset/1512427/brainTumorDataPublic_767-1532/1326.mat,5
/Users/loeuljeanpierre/Library/Mobile Documents/com~apple~CloudDocs/Documents/2-ESEO/2-2eAnnee/8-TNI/5-Projet/Dataset/1512427/brainTumorDataPublic_1-766/279.mat,3
/Users/loeuljeanpierre/Library/Mobile Documents/com~apple~CloudDocs/Documents/2-ESEO/2-2eAnnee/8-TNI/5-Projet/Dataset/1512427/brainTumorDataPublic_767-1532/1412.mat,5
/Users/loeuljeanpierre/Library/Mobile Documents/com~apple~CloudDocs/Documents/2-ESEO/2-2eAnnee/8-TNI/5-Projet/Dataset/1512427/brainTumorDataPublic_767-1532/950.mat,5
/Users/loeuljeanpierre/Library/Mobile Documents/com~apple~CloudDocs/Documents/2-ESEO/2-2eAnnee/8-TNI/5-Projet/Dataset/1512427/brainTumorDataPublic_1-766/56.mat,5
/Users/loeuljeanpierre/Library/Mobile Documents/com~apple~CloudDocs/Documents/2-ESEO/2-2eAnnee/8-TNI/5-Projet/Dataset/1512427/brainTumorDataPublic_1-766/736.mat,1
/Users/loeuljeanpierre/Library/Mobile Documents/com~apple~CloudDocs/Documents/2-ESEO/2-2eAnnee/8-TNI/5-Projet/Dataset/1512427/brainTumorDataPublic_1-766/613.mat,2
/Users/loeuljeanpierre/Library/Mobile Documents/com~apple~CloudDocs/Documents/2-ESEO/2-2eAnnee/8-TNI/5-Projet/Dataset/1512427/brainTumorDataPublic_1-766/542.mat,2
/Users/loeuljeanpierre/Library/Mobile Documents/com~apple~CloudDocs/Documents/2-ESEO/2-2eAnnee/8-TNI/5-Projet/Dataset/1512427/brainTumorDataPublic_767-1532/996.mat,5
/Users/loeuljeanpierre/Library/Mobile Documents/com~apple~CloudDocs/Documents/2-ESEO/2-2eAnnee/8-TNI/5-Projet/Dataset/1512427/brainTumorDataPublic_767-1532/1329.mat,1
/Users/loeuljeanpierre/Library/Mobile Documents/com~apple~CloudDocs/Documents/2-ESEO/2-2eAnnee/8-TNI/5-Projet/Dataset/1512427/brainTumorDataPublic_767-1532/1516.mat,3
/Users/loeuljeanpierre/Library/Mobile Documents/com~apple~CloudDocs/Documents/2-ESEO/2-2eAnnee/8-TNI/5-Projet/Dataset/1512427/brainTumorDataPublic_1-766/513.mat,2
/Users/loeuljeanpierre/Library/Mobile Documents/com~apple~CloudDocs/Documents/2-ESEO/2-2eAnnee/8-TNI/5-Projet/Dataset/1512427/brainTumorDataPublic_1-766/765.mat,3
/Users/loeuljeanpierre/Library/Mobile Documents/com~apple~CloudDocs/Documents/2-ESEO/2-2eAnnee/8-TNI/5-Projet/Dataset/1512427/brainTumorDataPublic_1-766/123.mat,5
/Users/loeuljeanpierre/Library/Mobile Documents/com~apple~CloudDocs/Documents/2-ESEO/2-2eAnnee/8-TNI/5-Projet/Dataset/1512427/brainTumorDataPublic_1-766/724.mat,1
/Users/loeuljeanpierre/Library/Mobile Documents/com~apple~CloudDocs/Documents/2-ESEO/2-2eAnnee/8-TNI/5-Projet/Dataset/1512427/brainTumorDataPublic_767-1532/1105.mat,3
/Users/loeuljeanpierre/Library/Mobile Documents/com~apple~CloudDocs/Documents/2-ESEO/2-2eAnnee/8-TNI/5-Projet/Dataset/1512427/brainTumorDataPublic_1-766/472.mat,4
/Users/loeuljeanpierre/Library/Mobile Documents/com~apple~CloudDocs/Documents/2-ESEO/2-2eAnnee/8-TNI/5-Projet/Dataset/1512427/brainTumorDataPublic_767-1532/947.mat,5
/Users/loeuljeanpierre/Library/Mobile Documents/com~apple~CloudDocs/Documents/2-ESEO/2-2eAnnee/8-TNI/5-Projet/Dataset/1512427/brainTumorDataPublic_767-1532/1139.mat,3
/Users/loeuljeanpierre/Library/Mobile Documents/com~apple~CloudDocs/Documents/2-ESEO/2-2eAnnee/8-TNI/5-Projet/Dataset/1512427/brainTumorDataPublic_767-1532/1467.mat,3
/Users/loeuljeanpierre/Library/Mobile Documents/com~apple~CloudDocs/Documents/2-ESEO/2-2eAnnee/8-TNI/5-Projet/Dataset/1512427/brainTumorDataPublic_1-766/421.mat,3
/Users/loeuljeanpierre/Library/Mobile Documents/com~apple~CloudDocs/Documents/2-ESEO/2-2eAnnee/8-TNI/5-Projet/Dataset/1512427/brainTumorDataPublic_767-1532/872.mat,2
/Users/loeuljeanpierre/Library/Mobile Documents/com~apple~CloudDocs/Documents/2-ESEO/2-2eAnnee/8-TNI/5-Projet/Dataset/1512427/brainTumorDataPublic_767-1532/1086.mat,3
/Users/loeuljeanpierre/Library/Mobile Documents/com~apple~CloudDocs/Documents/2-ESEO/2-2eAnnee/8-TNI/5-Projet/Dataset/1512427/brainTumorDataPublic_1-766/514.mat,4
/Users/loeuljeanpierre/Library/Mobile Documents/com~apple~CloudDocs/Documents/2-ESEO/2-2eAnnee/8-TNI/5-Projet/Dataset/1512427/brainTumorDataPublic_1-766/314.mat,3
/Users/loeuljeanpierre/Library/Mobile Documents/com~apple~CloudDocs/Documents/2-ESEO/2-2eAnnee/8-TNI/5-Projet/Dataset/1512427/brainTumorDataPublic_1-766/518.mat,2
/Users/loeuljeanpierre/Library/Mobile Documents/com~apple~CloudDocs/Documents/2-ESEO/2-2eAnnee/8-TNI/5-Projet/Dataset/1512427/brainTumorDataPublic_767-1532/985.mat,5
/Users/loeuljeanpierre/Library/Mobile Documents/com~apple~CloudDocs/Documents/2-ESEO/2-2eAnnee/8-TNI/5-Projet/Dataset/1512427/brainTumorDataPublic_767-1532/793.mat,3
/Users/loeuljeanpierre/Library/Mobile Documents/com~apple~CloudDocs/Documents/2-ESEO/2-2eAnnee/8-TNI/5-Projet/Dataset/1512427/brainTumorDataPublic_767-1532/1425.mat,5
/Users/loeuljeanpierre/Library/Mobile Documents/com~apple~CloudDocs/Documents/2-ESEO/2-2eAnnee/8-TNI/5-Projet/Dataset/1512427/brainTumorDataPublic_1-766/741.mat,1
/Users/loeuljeanpierre/Library/Mobile Documents/com~apple~CloudDocs/Documents/2-ESEO/2-2eAnnee/8-TNI/5-Projet/Dataset/1512427/brainTumorDataPublic_767-1532/1294.mat,5
/Users/loeuljeanpierre/Library/Mobile Documents/com~apple~CloudDocs/Documents/2-ESEO/2-2eAnnee/8-TNI/5-Projet/Dataset/1512427/brainTumorDataPublic_767-1532/1458.mat,3
/Users/loeuljeanpierre/Library/Mobile Documents/com~apple~CloudDocs/Documents/2-ESEO/2-2eAnnee/8-TNI/5-Projet/Dataset/1512427/brainTumorDataPublic_1-766/212.mat,3
/Users/loeuljeanpierre/Library/Mobile Documents/com~apple~CloudDocs/Documents/2-ESEO/2-2eAnnee/8-TNI/5-Projet/Dataset/1512427/brainTumorDataPublic_767-1532/1308.mat,5
/Users/loeuljeanpierre/Library/Mobile Documents/com~apple~CloudDocs/Documents/2-ESEO/2-2eAnnee/8-TNI/5-Projet/Dataset/1512427/brainTumorDataPublic_767-1532/1112.mat,3
/Users/loeuljeanpierre/Library/Mobile Documents/com~apple~CloudDocs/Documents/2-ESEO/2-2eAnnee/8-TNI/5-Projet/Dataset/1512427/brainTumorDataPublic_767-1532/1077.mat,3
/Users/loeuljeanpierre/Library/Mobile Documents/com~apple~CloudDocs/Documents/2-ESEO/2-2eAnnee/8-TNI/5-Projet/Dataset/1512427/brainTumorDataPublic_1-766/621.mat,4
/Users/loeuljeanpierre/Library/Mobile Documents/com~apple~CloudDocs/Documents/2-ESEO/2-2eAnnee/8-TNI/5-Projet/Dataset/1512427/brainTumorDataPublic_1-766/11.mat,1
/Users/loeuljeanpierre/Library/Mobile Documents/com~apple~CloudDocs/Documents/2-ESEO/2-2eAnnee/8-TNI/5-Projet/Dataset/1512427/brainTumorDataPublic_767-1532/1238.mat,3
/Users/loeuljeanpierre/Library/Mobile Documents/com~apple~CloudDocs/Documents/2-ESEO/2-2eAnnee/8-TNI/5-Projet/Dataset/1512427/brainTumorDataPublic_767-1532/1083.mat,3
/Users/loeuljeanpierre/Library/Mobile Documents/com~apple~CloudDocs/Documents/2-ESEO/2-2eAnnee/8-TNI/5-Projet/Dataset/1512427/brainTumorDataPublic_767-1532/1028.mat,4
/Users/loeuljeanpierre/Library/Mobile Documents/com~apple~CloudDocs/Documents/2-ESEO/2-2eAnnee/8-TNI/5-Projet/Dataset/1512427/brainTumorDataPublic_767-1532/1091.mat,3
/Users/loeuljeanpierre/Library/Mobile Documents/com~apple~CloudDocs/Documents/2-ESEO/2-2eAnnee/8-TNI/5-Projet/Dataset/1512427/brainTumorDataPublic_767-1532/902.mat,2
/Users/loeuljeanpierre/Library/Mobile Documents/com~apple~CloudDocs/Documents/2-ESEO/2-2eAnnee/8-TNI/5-Projet/Dataset/1512427/brainTumorDataPublic_1-766/693.mat,4
/Users/loeuljeanpierre/Library/Mobile Documents/com~apple~CloudDocs/Documents/2-ESEO/2-2eAnnee/8-TNI/5-Projet/Dataset/1512427/brainTumorDataPublic_767-1532/955.mat,5
/Users/loeuljeanpierre/Library/Mobile Documents/com~apple~CloudDocs/Documents/2-ESEO/2-2eAnnee/8-TNI/5-Projet/Dataset/1512427/brainTumorDataPublic_1-766/232.mat,3
/Users/loeuljeanpierre/Library/Mobile Documents/com~apple~CloudDocs/Documents/2-ESEO/2-2eAnnee/8-TNI/5-Projet/Dataset/1512427/brainTumorDataPublic_1-766/245.mat,3
/Users/loeuljeanpierre/Library/Mobile Documents/com~apple~CloudDocs/Documents/2-ESEO/2-2eAnnee/8-TNI/5-Projet/Dataset/1512427/brainTumorDataPublic_1-766/367.mat,3
/Users/loeuljeanpierre/Library/Mobile Documents/com~apple~CloudDocs/Documents/2-ESEO/2-2eAnnee/8-TNI/5-Projet/Dataset/1512427/brainTumorDataPublic_1-766/326.mat,3
/Users/loeuljeanpierre/Library/Mobile Documents/com~apple~CloudDocs/Documents/2-ESEO/2-2eAnnee/8-TNI/5-Projet/Dataset/1512427/brainTumorDataPublic_767-1532/1433.mat,5
/Users/loeuljeanpierre/Library/Mobile Documents/com~apple~CloudDocs/Documents/2-ESEO/2-2eAnnee/8-TNI/5-Projet/Dataset/1512427/brainTumorDataPublic_767-1532/1416.mat,5
/Users/loeuljeanpierre/Library/Mobile Documents/com~apple~CloudDocs/Documents/2-ESEO/2-2eAnnee/8-TNI/5-Projet/Dataset/1512427/brainTumorDataPublic_767-1532/1391.mat,5
/Users/loeuljeanpierre/Library/Mobile Documents/com~apple~CloudDocs/Documents/2-ESEO/2-2eAnnee/8-TNI/5-Projet/Dataset/1512427/brainTumorDataPublic_1-766/530.mat,4
/Users/loeuljeanpierre/Library/Mobile Documents/com~apple~CloudDocs/Documents/2-ESEO/2-2eAnnee/8-TNI/5-Projet/Dataset/1512427/brainTumorDataPublic_767-1532/1101.mat,3
/Users/loeuljeanpierre/Library/Mobile Documents/com~apple~CloudDocs/Documents/2-ESEO/2-2eAnnee/8-TNI/5-Projet/Dataset/1512427/brainTumorDataPublic_1-766/720.mat,1
/Users/loeuljeanpierre/Library/Mobile Documents/com~apple~CloudDocs/Documents/2-ESEO/2-2eAnnee/8-TNI/5-Projet/Dataset/1512427/brainTumorDataPublic_1-766/627.mat,4
/Users/loeuljeanpierre/Library/Mobile Documents/com~apple~CloudDocs/Documents/2-ESEO/2-2eAnnee/8-TNI/5-Projet/Dataset/1512427/brainTumorDataPublic_767-1532/1304.mat,5
/Users/loeuljeanpierre/Library/Mobile Documents/com~apple~CloudDocs/Documents/2-ESEO/2-2eAnnee/8-TNI/5-Projet/Dataset/1512427/brainTumorDataPublic_1-766/404.mat,3
/Users/loeuljeanpierre/Library/Mobile Documents/com~apple~CloudDocs/Documents/2-ESEO/2-2eAnnee/8-TNI/5-Projet/Dataset/1512427/brainTumorDataPublic_1-766/469.mat,4
/Users/loeuljeanpierre/Library/Mobile Documents/com~apple~CloudDocs/Documents/2-ESEO/2-2eAnnee/8-TNI/5-Projet/Dataset/1512427/brainTumorDataPublic_1-766/666.mat,4
/Users/loeuljeanpierre/Library/Mobile Documents/com~apple~CloudDocs/Documents/2-ESEO/2-2eAnnee/8-TNI/5-Projet/Dataset/1512427/brainTumorDataPublic_1-766/538.mat,4
/Users/loeuljeanpierre/Library/Mobile Documents/com~apple~CloudDocs/Documents/2-ESEO/2-2eAnnee/8-TNI/5-Projet/Dataset/1512427/brainTumorDataPublic_767-1532/1301.mat,5
/Users/loeuljeanpierre/Library/Mobile Documents/com~apple~CloudDocs/Documents/2-ESEO/2-2eAnnee/8-TNI/5-Projet/Dataset/1512427/brainTumorDataPublic_767-1532/1008.mat,5
/Users/loeuljeanpierre/Library/Mobile Documents/com~apple~CloudDocs/Documents/2-ESEO/2-2eAnnee/8-TNI/5-Projet/Dataset/1512427/brainTumorDataPublic_767-1532/1369.mat,5
/Users/loeuljeanpierre/Library/Mobile Documents/com~apple~CloudDocs/Documents/2-ESEO/2-2eAnnee/8-TNI/5-Projet/Dataset/1512427/brainTumorDataPublic_767-1532/1279.mat,4
/Users/loeuljeanpierre/Library/Mobile Documents/com~apple~CloudDocs/Documents/2-ESEO/2-2eAnnee/8-TNI/5-Projet/Dataset/1512427/brainTumorDataPublic_1-766/722.mat,5
/Users/loeuljeanpierre/Library/Mobile Documents/com~apple~CloudDocs/Documents/2-ESEO/2-2eAnnee/8-TNI/5-Projet/Dataset/1512427/brainTumorDataPublic_1-766/337.mat,3
/Users/loeuljeanpierre/Library/Mobile Documents/com~apple~CloudDocs/Documents/2-ESEO/2-2eAnnee/8-TNI/5-Projet/Dataset/1512427/brainTumorDataPublic_767-1532/1103.mat,3
/Users/loeuljeanpierre/Library/Mobile Documents/com~apple~CloudDocs/Documents/2-ESEO/2-2eAnnee/8-TNI/5-Projet/Dataset/1512427/brainTumorDataPublic_767-1532/1109.mat,3
/Users/loeuljeanpierre/Library/Mobile Documents/com~apple~CloudDocs/Documents/2-ESEO/2-2eAnnee/8-TNI/5-Projet/Dataset/1512427/brainTumorDataPublic_1-766/487.mat,4
/Users/loeuljeanpierre/Library/Mobile Documents/com~apple~CloudDocs/Documents/2-ESEO/2-2eAnnee/8-TNI/5-Projet/Dataset/1512427/brainTumorDataPublic_767-1532/953.mat,5
/Users/loeuljeanpierre/Library/Mobile Documents/com~apple~CloudDocs/Documents/2-ESEO/2-2eAnnee/8-TNI/5-Projet/Dataset/1512427/brainTumorDataPublic_1-766/341.mat,3
/Users/loeuljeanpierre/Library/Mobile Documents/com~apple~CloudDocs/Documents/2-ESEO/2-2eAnnee/8-TNI/5-Projet/Dataset/1512427/brainTumorDataPublic_767-1532/1038.mat,3
/Users/loeuljeanpierre/Library/Mobile Documents/com~apple~CloudDocs/Documents/2-ESEO/2-2eAnnee/8-TNI/5-Projet/Dataset/1512427/brainTumorDataPublic_1-766/107.mat,1
/Users/loeuljeanpierre/Library/Mobile Documents/com~apple~CloudDocs/Documents/2-ESEO/2-2eAnnee/8-TNI/5-Projet/Dataset/1512427/brainTumorDataPublic_767-1532/1390.mat,5
/Users/loeuljeanpierre/Library/Mobile Documents/com~apple~CloudDocs/Documents/2-ESEO/2-2eAnnee/8-TNI/5-Projet/Dataset/1512427/brainTumorDataPublic_1-766/512.mat,2
/Users/loeuljeanpierre/Library/Mobile Documents/com~apple~CloudDocs/Documents/2-ESEO/2-2eAnnee/8-TNI/5-Projet/Dataset/1512427/brainTumorDataPublic_1-766/434.mat,3
/Users/loeuljeanpierre/Library/Mobile Documents/com~apple~CloudDocs/Documents/2-ESEO/2-2eAnnee/8-TNI/5-Projet/Dataset/1512427/brainTumorDataPublic_767-1532/1198.mat,4
/Users/loeuljeanpierre/Library/Mobile Documents/com~apple~CloudDocs/Documents/2-ESEO/2-2eAnnee/8-TNI/5-Projet/Dataset/1512427/brainTumorDataPublic_1-766/412.mat,3
/Users/loeuljeanpierre/Library/Mobile Documents/com~apple~CloudDocs/Documents/2-ESEO/2-2eAnnee/8-TNI/5-Projet/Dataset/1512427/brainTumorDataPublic_1-766/20.mat,1
/Users/loeuljeanpierre/Library/Mobile Documents/com~apple~CloudDocs/Documents/2-ESEO/2-2eAnnee/8-TNI/5-Projet/Dataset/1512427/brainTumorDataPublic_1-766/612.mat,2
/Users/loeuljeanpierre/Library/Mobile Documents/com~apple~CloudDocs/Documents/2-ESEO/2-2eAnnee/8-TNI/5-Projet/Dataset/1512427/brainTumorDataPublic_1-766/717.mat,1
/Users/loeuljeanpierre/Library/Mobile Documents/com~apple~CloudDocs/Documents/2-ESEO/2-2eAnnee/8-TNI/5-Projet/Dataset/1512427/brainTumorDataPublic_767-1532/1283.mat,5
/Users/loeuljeanpierre/Library/Mobile Documents/com~apple~CloudDocs/Documents/2-ESEO/2-2eAnnee/8-TNI/5-Projet/Dataset/1512427/brainTumorDataPublic_767-1532/964.mat,5
/Users/loeuljeanpierre/Library/Mobile Documents/com~apple~CloudDocs/Documents/2-ESEO/2-2eAnnee/8-TNI/5-Projet/Dataset/1512427/brainTumorDataPublic_1-766/503.mat,4
/Users/loeuljeanpierre/Library/Mobile Documents/com~apple~CloudDocs/Documents/2-ESEO/2-2eAnnee/8-TNI/5-Projet/Dataset/1512427/brainTumorDataPublic_767-1532/1138.mat,3
/Users/loeuljeanpierre/Library/Mobile Documents/com~apple~CloudDocs/Documents/2-ESEO/2-2eAnnee/8-TNI/5-Projet/Dataset/1512427/brainTumorDataPublic_1-766/172.mat,1
/Users/loeuljeanpierre/Library/Mobile Documents/com~apple~CloudDocs/Documents/2-ESEO/2-2eAnnee/8-TNI/5-Projet/Dataset/1512427/brainTumorDataPublic_767-1532/1116.mat,3
/Users/loeuljeanpierre/Library/Mobile Documents/com~apple~CloudDocs/Documents/2-ESEO/2-2eAnnee/8-TNI/5-Projet/Dataset/1512427/brainTumorDataPublic_1-766/8.mat,5
/Users/loeuljeanpierre/Library/Mobile Documents/com~apple~CloudDocs/Documents/2-ESEO/2-2eAnnee/8-TNI/5-Projet/Dataset/1512427/brainTumorDataPublic_767-1532/1423.mat,5
/Users/loeuljeanpierre/Library/Mobile Documents/com~apple~CloudDocs/Documents/2-ESEO/2-2eAnnee/8-TNI/5-Projet/Dataset/1512427/brainTumorDataPublic_767-1532/1174.mat,4
/Users/loeuljeanpierre/Library/Mobile Documents/com~apple~CloudDocs/Documents/2-ESEO/2-2eAnnee/8-TNI/5-Projet/Dataset/1512427/brainTumorDataPublic_1-766/400.mat,3
/Users/loeuljeanpierre/Library/Mobile Documents/com~apple~CloudDocs/Documents/2-ESEO/2-2eAnnee/8-TNI/5-Projet/Dataset/1512427/brainTumorDataPublic_1-766/543.mat,4
/Users/loeuljeanpierre/Library/Mobile Documents/com~apple~CloudDocs/Documents/2-ESEO/2-2eAnnee/8-TNI/5-Projet/Dataset/1512427/brainTumorDataPublic_767-1532/1280.mat,4
/Users/loeuljeanpierre/Library/Mobile Documents/com~apple~CloudDocs/Documents/2-ESEO/2-2eAnnee/8-TNI/5-Projet/Dataset/1512427/brainTumorDataPublic_767-1532/1529.mat,3
/Users/loeuljeanpierre/Library/Mobile Documents/com~apple~CloudDocs/Documents/2-ESEO/2-2eAnnee/8-TNI/5-Projet/Dataset/1512427/brainTumorDataPublic_767-1532/991.mat,5
/Users/loeuljeanpierre/Library/Mobile Documents/com~apple~CloudDocs/Documents/2-ESEO/2-2eAnnee/8-TNI/5-Projet/Dataset/1512427/brainTumorDataPublic_767-1532/1334.mat,5
/Users/loeuljeanpierre/Library/Mobile Documents/com~apple~CloudDocs/Documents/2-ESEO/2-2eAnnee/8-TNI/5-Projet/Dataset/1512427/brainTumorDataPublic_767-1532/1232.mat,4
/Users/loeuljeanpierre/Library/Mobile Documents/com~apple~CloudDocs/Documents/2-ESEO/2-2eAnnee/8-TNI/5-Projet/Dataset/1512427/brainTumorDataPublic_767-1532/1387.mat,5
/Users/loeuljeanpierre/Library/Mobile Documents/com~apple~CloudDocs/Documents/2-ESEO/2-2eAnnee/8-TNI/5-Projet/Dataset/1512427/brainTumorDataPublic_767-1532/1340.mat,5
/Users/loeuljeanpierre/Library/Mobile Documents/com~apple~CloudDocs/Documents/2-ESEO/2-2eAnnee/8-TNI/5-Projet/Dataset/1512427/brainTumorDataPublic_1-766/668.mat,4
/Users/loeuljeanpierre/Library/Mobile Documents/com~apple~CloudDocs/Documents/2-ESEO/2-2eAnnee/8-TNI/5-Projet/Dataset/1512427/brainTumorDataPublic_767-1532/1035.mat,3
/Users/loeuljeanpierre/Library/Mobile Documents/com~apple~CloudDocs/Documents/2-ESEO/2-2eAnnee/8-TNI/5-Projet/Dataset/1512427/brainTumorDataPublic_767-1532/1235.mat,4
/Users/loeuljeanpierre/Library/Mobile Documents/com~apple~CloudDocs/Documents/2-ESEO/2-2eAnnee/8-TNI/5-Projet/Dataset/1512427/brainTumorDataPublic_767-1532/1201.mat,4
/Users/loeuljeanpierre/Library/Mobile Documents/com~apple~CloudDocs/Documents/2-ESEO/2-2eAnnee/8-TNI/5-Projet/Dataset/1512427/brainTumorDataPublic_1-766/296.mat,3
/Users/loeuljeanpierre/Library/Mobile Documents/com~apple~CloudDocs/Documents/2-ESEO/2-2eAnnee/8-TNI/5-Projet/Dataset/1512427/brainTumorDataPublic_767-1532/1065.mat,3
/Users/loeuljeanpierre/Library/Mobile Documents/com~apple~CloudDocs/Documents/2-ESEO/2-2eAnnee/8-TNI/5-Projet/Dataset/1512427/brainTumorDataPublic_767-1532/1464.mat,3
/Users/loeuljeanpierre/Library/Mobile Documents/com~apple~CloudDocs/Documents/2-ESEO/2-2eAnnee/8-TNI/5-Projet/Dataset/1512427/brainTumorDataPublic_1-766/259.mat,3
/Users/loeuljeanpierre/Library/Mobile Documents/com~apple~CloudDocs/Documents/2-ESEO/2-2eAnnee/8-TNI/5-Projet/Dataset/1512427/brainTumorDataPublic_1-766/10.mat,1
/Users/loeuljeanpierre/Library/Mobile Documents/com~apple~CloudDocs/Documents/2-ESEO/2-2eAnnee/8-TNI/5-Projet/Dataset/1512427/brainTumorDataPublic_767-1532/802.mat,3
/Users/loeuljeanpierre/Library/Mobile Documents/com~apple~CloudDocs/Documents/2-ESEO/2-2eAnnee/8-TNI/5-Projet/Dataset/1512427/brainTumorDataPublic_1-766/111.mat,5
/Users/loeuljeanpierre/Library/Mobile Documents/com~apple~CloudDocs/Documents/2-ESEO/2-2eAnnee/8-TNI/5-Projet/Dataset/1512427/brainTumorDataPublic_1-766/320.mat,3
/Users/loeuljeanpierre/Library/Mobile Documents/com~apple~CloudDocs/Documents/2-ESEO/2-2eAnnee/8-TNI/5-Projet/Dataset/1512427/brainTumorDataPublic_767-1532/922.mat,5
/Users/loeuljeanpierre/Library/Mobile Documents/com~apple~CloudDocs/Documents/2-ESEO/2-2eAnnee/8-TNI/5-Projet/Dataset/1512427/brainTumorDataPublic_767-1532/857.mat,4
/Users/loeuljeanpierre/Library/Mobile Documents/com~apple~CloudDocs/Documents/2-ESEO/2-2eAnnee/8-TNI/5-Projet/Dataset/1512427/brainTumorDataPublic_1-766/86.mat,1
/Users/loeuljeanpierre/Library/Mobile Documents/com~apple~CloudDocs/Documents/2-ESEO/2-2eAnnee/8-TNI/5-Projet/Dataset/1512427/brainTumorDataPublic_767-1532/850.mat,4
/Users/loeuljeanpierre/Library/Mobile Documents/com~apple~CloudDocs/Documents/2-ESEO/2-2eAnnee/8-TNI/5-Projet/Dataset/1512427/brainTumorDataPublic_767-1532/977.mat,5
/Users/loeuljeanpierre/Library/Mobile Documents/com~apple~CloudDocs/Documents/2-ESEO/2-2eAnnee/8-TNI/5-Projet/Dataset/1512427/brainTumorDataPublic_1-766/125.mat,1
/Users/loeuljeanpierre/Library/Mobile Documents/com~apple~CloudDocs/Documents/2-ESEO/2-2eAnnee/8-TNI/5-Projet/Dataset/1512427/brainTumorDataPublic_767-1532/1049.mat,3
/Users/loeuljeanpierre/Library/Mobile Documents/com~apple~CloudDocs/Documents/2-ESEO/2-2eAnnee/8-TNI/5-Projet/Dataset/1512427/brainTumorDataPublic_1-766/102.mat,5
/Users/loeuljeanpierre/Library/Mobile Documents/com~apple~CloudDocs/Documents/2-ESEO/2-2eAnnee/8-TNI/5-Projet/Dataset/1512427/brainTumorDataPublic_767-1532/1134.mat,3
/Users/loeuljeanpierre/Library/Mobile Documents/com~apple~CloudDocs/Documents/2-ESEO/2-2eAnnee/8-TNI/5-Projet/Dataset/1512427/brainTumorDataPublic_767-1532/1376.mat,5
/Users/loeuljeanpierre/Library/Mobile Documents/com~apple~CloudDocs/Documents/2-ESEO/2-2eAnnee/8-TNI/5-Projet/Dataset/1512427/brainTumorDataPublic_1-766/569.mat,4
/Users/loeuljeanpierre/Library/Mobile Documents/com~apple~CloudDocs/Documents/2-ESEO/2-2eAnnee/8-TNI/5-Projet/Dataset/1512427/brainTumorDataPublic_1-766/168.mat,5
/Users/loeuljeanpierre/Library/Mobile Documents/com~apple~CloudDocs/Documents/2-ESEO/2-2eAnnee/8-TNI/5-Projet/Dataset/1512427/brainTumorDataPublic_767-1532/1231.mat,4
/Users/loeuljeanpierre/Library/Mobile Documents/com~apple~CloudDocs/Documents/2-ESEO/2-2eAnnee/8-TNI/5-Projet/Dataset/1512427/brainTumorDataPublic_1-766/193.mat,1
/Users/loeuljeanpierre/Library/Mobile Documents/com~apple~CloudDocs/Documents/2-ESEO/2-2eAnnee/8-TNI/5-Projet/Dataset/1512427/brainTumorDataPublic_767-1532/1273.mat,4
/Users/loeuljeanpierre/Library/Mobile Documents/com~apple~CloudDocs/Documents/2-ESEO/2-2eAnnee/8-TNI/5-Projet/Dataset/1512427/brainTumorDataPublic_1-766/153.mat,5
/Users/loeuljeanpierre/Library/Mobile Documents/com~apple~CloudDocs/Documents/2-ESEO/2-2eAnnee/8-TNI/5-Projet/Dataset/1512427/brainTumorDataPublic_767-1532/1295.mat,5
/Users/loeuljeanpierre/Library/Mobile Documents/com~apple~CloudDocs/Documents/2-ESEO/2-2eAnnee/8-TNI/5-Projet/Dataset/1512427/brainTumorDataPublic_1-766/549.mat,2
/Users/loeuljeanpierre/Library/Mobile Documents/com~apple~CloudDocs/Documents/2-ESEO/2-2eAnnee/8-TNI/5-Projet/Dataset/1512427/brainTumorDataPublic_1-766/84.mat,1
/Users/loeuljeanpierre/Library/Mobile Documents/com~apple~CloudDocs/Documents/2-ESEO/2-2eAnnee/8-TNI/5-Projet/Dataset/1512427/brainTumorDataPublic_1-766/222.mat,3
/Users/loeuljeanpierre/Library/Mobile Documents/com~apple~CloudDocs/Documents/2-ESEO/2-2eAnnee/8-TNI/5-Projet/Dataset/1512427/brainTumorDataPublic_767-1532/1100.mat,3
/Users/loeuljeanpierre/Library/Mobile Documents/com~apple~CloudDocs/Documents/2-ESEO/2-2eAnnee/8-TNI/5-Projet/Dataset/1512427/brainTumorDataPublic_1-766/371.mat,3
/Users/loeuljeanpierre/Library/Mobile Documents/com~apple~CloudDocs/Documents/2-ESEO/2-2eAnnee/8-TNI/5-Projet/Dataset/1512427/brainTumorDataPublic_767-1532/883.mat,4
/Users/loeuljeanpierre/Library/Mobile Documents/com~apple~CloudDocs/Documents/2-ESEO/2-2eAnnee/8-TNI/5-Projet/Dataset/1512427/brainTumorDataPublic_1-766/436.mat,3
/Users/loeuljeanpierre/Library/Mobile Documents/com~apple~CloudDocs/Documents/2-ESEO/2-2eAnnee/8-TNI/5-Projet/Dataset/1512427/brainTumorDataPublic_767-1532/799.mat,3
/Users/loeuljeanpierre/Library/Mobile Documents/com~apple~CloudDocs/Documents/2-ESEO/2-2eAnnee/8-TNI/5-Projet/Dataset/1512427/brainTumorDataPublic_1-766/40.mat,5
/Users/loeuljeanpierre/Library/Mobile Documents/com~apple~CloudDocs/Documents/2-ESEO/2-2eAnnee/8-TNI/5-Projet/Dataset/1512427/brainTumorDataPublic_1-766/766.mat,3
/Users/loeuljeanpierre/Library/Mobile Documents/com~apple~CloudDocs/Documents/2-ESEO/2-2eAnnee/8-TNI/5-Projet/Dataset/1512427/brainTumorDataPublic_767-1532/1057.mat,3
/Users/loeuljeanpierre/Library/Mobile Documents/com~apple~CloudDocs/Documents/2-ESEO/2-2eAnnee/8-TNI/5-Projet/Dataset/1512427/brainTumorDataPublic_767-1532/1141.mat,3
/Users/loeuljeanpierre/Library/Mobile Documents/com~apple~CloudDocs/Documents/2-ESEO/2-2eAnnee/8-TNI/5-Projet/Dataset/1512427/brainTumorDataPublic_1-766/395.mat,3
/Users/loeuljeanpierre/Library/Mobile Documents/com~apple~CloudDocs/Documents/2-ESEO/2-2eAnnee/8-TNI/5-Projet/Dataset/1512427/brainTumorDataPublic_767-1532/1523.mat,3
/Users/loeuljeanpierre/Library/Mobile Documents/com~apple~CloudDocs/Documents/2-ESEO/2-2eAnnee/8-TNI/5-Projet/Dataset/1512427/brainTumorDataPublic_1-766/234.mat,3
/Users/loeuljeanpierre/Library/Mobile Documents/com~apple~CloudDocs/Documents/2-ESEO/2-2eAnnee/8-TNI/5-Projet/Dataset/1512427/brainTumorDataPublic_1-766/155.mat,1
/Users/loeuljeanpierre/Library/Mobile Documents/com~apple~CloudDocs/Documents/2-ESEO/2-2eAnnee/8-TNI/5-Projet/Dataset/1512427/brainTumorDataPublic_767-1532/860.mat,2
/Users/loeuljeanpierre/Library/Mobile Documents/com~apple~CloudDocs/Documents/2-ESEO/2-2eAnnee/8-TNI/5-Projet/Dataset/1512427/brainTumorDataPublic_767-1532/992.mat,5
/Users/loeuljeanpierre/Library/Mobile Documents/com~apple~CloudDocs/Documents/2-ESEO/2-2eAnnee/8-TNI/5-Projet/Dataset/1512427/brainTumorDataPublic_767-1532/1258.mat,4
/Users/loeuljeanpierre/Library/Mobile Documents/com~apple~CloudDocs/Documents/2-ESEO/2-2eAnnee/8-TNI/5-Projet/Dataset/1512427/brainTumorDataPublic_1-766/373.mat,3
/Users/loeuljeanpierre/Library/Mobile Documents/com~apple~CloudDocs/Documents/2-ESEO/2-2eAnnee/8-TNI/5-Projet/Dataset/1512427/brainTumorDataPublic_767-1532/881.mat,4
/Users/loeuljeanpierre/Library/Mobile Documents/com~apple~CloudDocs/Documents/2-ESEO/2-2eAnnee/8-TNI/5-Projet/Dataset/1512427/brainTumorDataPublic_1-766/735.mat,1
/Users/loeuljeanpierre/Library/Mobile Documents/com~apple~CloudDocs/Documents/2-ESEO/2-2eAnnee/8-TNI/5-Projet/Dataset/1512427/brainTumorDataPublic_767-1532/1113.mat,3
/Users/loeuljeanpierre/Library/Mobile Documents/com~apple~CloudDocs/Documents/2-ESEO/2-2eAnnee/8-TNI/5-Projet/Dataset/1512427/brainTumorDataPublic_767-1532/1330.mat,5
/Users/loeuljeanpierre/Library/Mobile Documents/com~apple~CloudDocs/Documents/2-ESEO/2-2eAnnee/8-TNI/5-Projet/Dataset/1512427/brainTumorDataPublic_767-1532/859.mat,2
/Users/loeuljeanpierre/Library/Mobile Documents/com~apple~CloudDocs/Documents/2-ESEO/2-2eAnnee/8-TNI/5-Projet/Dataset/1512427/brainTumorDataPublic_1-766/233.mat,3
/Users/loeuljeanpierre/Library/Mobile Documents/com~apple~CloudDocs/Documents/2-ESEO/2-2eAnnee/8-TNI/5-Projet/Dataset/1512427/brainTumorDataPublic_767-1532/1472.mat,3
/Users/loeuljeanpierre/Library/Mobile Documents/com~apple~CloudDocs/Documents/2-ESEO/2-2eAnnee/8-TNI/5-Projet/Dataset/1512427/brainTumorDataPublic_1-766/31.mat,5
/Users/loeuljeanpierre/Library/Mobile Documents/com~apple~CloudDocs/Documents/2-ESEO/2-2eAnnee/8-TNI/5-Projet/Dataset/1512427/brainTumorDataPublic_1-766/60.mat,1
/Users/loeuljeanpierre/Library/Mobile Documents/com~apple~CloudDocs/Documents/2-ESEO/2-2eAnnee/8-TNI/5-Projet/Dataset/1512427/brainTumorDataPublic_767-1532/1087.mat,3
/Users/loeuljeanpierre/Library/Mobile Documents/com~apple~CloudDocs/Documents/2-ESEO/2-2eAnnee/8-TNI/5-Projet/Dataset/1512427/brainTumorDataPublic_767-1532/1460.mat,3
/Users/loeuljeanpierre/Library/Mobile Documents/com~apple~CloudDocs/Documents/2-ESEO/2-2eAnnee/8-TNI/5-Projet/Dataset/1512427/brainTumorDataPublic_767-1532/1417.mat,5
/Users/loeuljeanpierre/Library/Mobile Documents/com~apple~CloudDocs/Documents/2-ESEO/2-2eAnnee/8-TNI/5-Projet/Dataset/1512427/brainTumorDataPublic_1-766/183.mat,1
/Users/loeuljeanpierre/Library/Mobile Documents/com~apple~CloudDocs/Documents/2-ESEO/2-2eAnnee/8-TNI/5-Projet/Dataset/1512427/brainTumorDataPublic_767-1532/1303.mat,5
/Users/loeuljeanpierre/Library/Mobile Documents/com~apple~CloudDocs/Documents/2-ESEO/2-2eAnnee/8-TNI/5-Projet/Dataset/1512427/brainTumorDataPublic_767-1532/1099.mat,3
/Users/loeuljeanpierre/Library/Mobile Documents/com~apple~CloudDocs/Documents/2-ESEO/2-2eAnnee/8-TNI/5-Projet/Dataset/1512427/brainTumorDataPublic_1-766/357.mat,3
/Users/loeuljeanpierre/Library/Mobile Documents/com~apple~CloudDocs/Documents/2-ESEO/2-2eAnnee/8-TNI/5-Projet/Dataset/1512427/brainTumorDataPublic_767-1532/936.mat,5
/Users/loeuljeanpierre/Library/Mobile Documents/com~apple~CloudDocs/Documents/2-ESEO/2-2eAnnee/8-TNI/5-Projet/Dataset/1512427/brainTumorDataPublic_767-1532/1492.mat,3
/Users/loeuljeanpierre/Library/Mobile Documents/com~apple~CloudDocs/Documents/2-ESEO/2-2eAnnee/8-TNI/5-Projet/Dataset/1512427/brainTumorDataPublic_767-1532/1090.mat,3
/Users/loeuljeanpierre/Library/Mobile Documents/com~apple~CloudDocs/Documents/2-ESEO/2-2eAnnee/8-TNI/5-Projet/Dataset/1512427/brainTumorDataPublic_1-766/190.mat,1
/Users/loeuljeanpierre/Library/Mobile Documents/com~apple~CloudDocs/Documents/2-ESEO/2-2eAnnee/8-TNI/5-Projet/Dataset/1512427/brainTumorDataPublic_1-766/635.mat,2
/Users/loeuljeanpierre/Library/Mobile Documents/com~apple~CloudDocs/Documents/2-ESEO/2-2eAnnee/8-TNI/5-Projet/Dataset/1512427/brainTumorDataPublic_767-1532/1019.mat,1
/Users/loeuljeanpierre/Library/Mobile Documents/com~apple~CloudDocs/Documents/2-ESEO/2-2eAnnee/8-TNI/5-Projet/Dataset/1512427/brainTumorDataPublic_767-1532/1148.mat,3
/Users/loeuljeanpierre/Library/Mobile Documents/com~apple~CloudDocs/Documents/2-ESEO/2-2eAnnee/8-TNI/5-Projet/Dataset/1512427/brainTumorDataPublic_767-1532/1255.mat,4
/Users/loeuljeanpierre/Library/Mobile Documents/com~apple~CloudDocs/Documents/2-ESEO/2-2eAnnee/8-TNI/5-Projet/Dataset/1512427/brainTumorDataPublic_767-1532/1135.mat,3
/Users/loeuljeanpierre/Library/Mobile Documents/com~apple~CloudDocs/Documents/2-ESEO/2-2eAnnee/8-TNI/5-Projet/Dataset/1512427/brainTumorDataPublic_767-1532/1476.mat,3
/Users/loeuljeanpierre/Library/Mobile Documents/com~apple~CloudDocs/Documents/2-ESEO/2-2eAnnee/8-TNI/5-Projet/Dataset/1512427/brainTumorDataPublic_1-766/649.mat,2
/Users/loeuljeanpierre/Library/Mobile Documents/com~apple~CloudDocs/Documents/2-ESEO/2-2eAnnee/8-TNI/5-Projet/Dataset/1512427/brainTumorDataPublic_1-766/504.mat,2
/Users/loeuljeanpierre/Library/Mobile Documents/com~apple~CloudDocs/Documents/2-ESEO/2-2eAnnee/8-TNI/5-Projet/Dataset/1512427/brainTumorDataPublic_1-766/760.mat,1
/Users/loeuljeanpierre/Library/Mobile Documents/com~apple~CloudDocs/Documents/2-ESEO/2-2eAnnee/8-TNI/5-Projet/Dataset/1512427/brainTumorDataPublic_767-1532/780.mat,4
/Users/loeuljeanpierre/Library/Mobile Documents/com~apple~CloudDocs/Documents/2-ESEO/2-2eAnnee/8-TNI/5-Projet/Dataset/1512427/brainTumorDataPublic_767-1532/1357.mat,5
/Users/loeuljeanpierre/Library/Mobile Documents/com~apple~CloudDocs/Documents/2-ESEO/2-2eAnnee/8-TNI/5-Projet/Dataset/1512427/brainTumorDataPublic_767-1532/1153.mat,3
/Users/loeuljeanpierre/Library/Mobile Documents/com~apple~CloudDocs/Documents/2-ESEO/2-2eAnnee/8-TNI/5-Projet/Dataset/1512427/brainTumorDataPublic_1-766/254.mat,3
/Users/loeuljeanpierre/Library/Mobile Documents/com~apple~CloudDocs/Documents/2-ESEO/2-2eAnnee/8-TNI/5-Projet/Dataset/1512427/brainTumorDataPublic_1-766/369.mat,1
/Users/loeuljeanpierre/Library/Mobile Documents/com~apple~CloudDocs/Documents/2-ESEO/2-2eAnnee/8-TNI/5-Projet/Dataset/1512427/brainTumorDataPublic_767-1532/1223.mat,4
/Users/loeuljeanpierre/Library/Mobile Documents/com~apple~CloudDocs/Documents/2-ESEO/2-2eAnnee/8-TNI/5-Projet/Dataset/1512427/brainTumorDataPublic_767-1532/1221.mat,4
/Users/loeuljeanpierre/Library/Mobile Documents/com~apple~CloudDocs/Documents/2-ESEO/2-2eAnnee/8-TNI/5-Projet/Dataset/1512427/brainTumorDataPublic_767-1532/1206.mat,4
/Users/loeuljeanpierre/Library/Mobile Documents/com~apple~CloudDocs/Documents/2-ESEO/2-2eAnnee/8-TNI/5-Projet/Dataset/1512427/brainTumorDataPublic_767-1532/1474.mat,2
/Users/loeuljeanpierre/Library/Mobile Documents/com~apple~CloudDocs/Documents/2-ESEO/2-2eAnnee/8-TNI/5-Projet/Dataset/1512427/brainTumorDataPublic_767-1532/1037.mat,3
/Users/loeuljeanpierre/Library/Mobile Documents/com~apple~CloudDocs/Documents/2-ESEO/2-2eAnnee/8-TNI/5-Projet/Dataset/1512427/brainTumorDataPublic_767-1532/1291.mat,5
/Users/loeuljeanpierre/Library/Mobile Documents/com~apple~CloudDocs/Documents/2-ESEO/2-2eAnnee/8-TNI/5-Projet/Dataset/1512427/brainTumorDataPublic_1-766/547.mat,4
/Users/loeuljeanpierre/Library/Mobile Documents/com~apple~CloudDocs/Documents/2-ESEO/2-2eAnnee/8-TNI/5-Projet/Dataset/1512427/brainTumorDataPublic_1-766/333.mat,3
/Users/loeuljeanpierre/Library/Mobile Documents/com~apple~CloudDocs/Documents/2-ESEO/2-2eAnnee/8-TNI/5-Projet/Dataset/1512427/brainTumorDataPublic_767-1532/1392.mat,5
/Users/loeuljeanpierre/Library/Mobile Documents/com~apple~CloudDocs/Documents/2-ESEO/2-2eAnnee/8-TNI/5-Projet/Dataset/1512427/brainTumorDataPublic_1-766/379.mat,3
/Users/loeuljeanpierre/Library/Mobile Documents/com~apple~CloudDocs/Documents/2-ESEO/2-2eAnnee/8-TNI/5-Projet/Dataset/1512427/brainTumorDataPublic_767-1532/810.mat,3
/Users/loeuljeanpierre/Library/Mobile Documents/com~apple~CloudDocs/Documents/2-ESEO/2-2eAnnee/8-TNI/5-Projet/Dataset/1512427/brainTumorDataPublic_767-1532/841.mat,2
/Users/loeuljeanpierre/Library/Mobile Documents/com~apple~CloudDocs/Documents/2-ESEO/2-2eAnnee/8-TNI/5-Projet/Dataset/1512427/brainTumorDataPublic_1-766/425.mat,3
/Users/loeuljeanpierre/Library/Mobile Documents/com~apple~CloudDocs/Documents/2-ESEO/2-2eAnnee/8-TNI/5-Projet/Dataset/1512427/brainTumorDataPublic_1-766/546.mat,4
/Users/loeuljeanpierre/Library/Mobile Documents/com~apple~CloudDocs/Documents/2-ESEO/2-2eAnnee/8-TNI/5-Projet/Dataset/1512427/brainTumorDataPublic_767-1532/1175.mat,4
/Users/loeuljeanpierre/Library/Mobile Documents/com~apple~CloudDocs/Documents/2-ESEO/2-2eAnnee/8-TNI/5-Projet/Dataset/1512427/brainTumorDataPublic_767-1532/1082.mat,3
/Users/loeuljeanpierre/Library/Mobile Documents/com~apple~CloudDocs/Documents/2-ESEO/2-2eAnnee/8-TNI/5-Projet/Dataset/1512427/brainTumorDataPublic_1-766/103.mat,5
/Users/loeuljeanpierre/Library/Mobile Documents/com~apple~CloudDocs/Documents/2-ESEO/2-2eAnnee/8-TNI/5-Projet/Dataset/1512427/brainTumorDataPublic_1-766/458.mat,2
/Users/loeuljeanpierre/Library/Mobile Documents/com~apple~CloudDocs/Documents/2-ESEO/2-2eAnnee/8-TNI/5-Projet/Dataset/1512427/brainTumorDataPublic_767-1532/1036.mat,3
/Users/loeuljeanpierre/Library/Mobile Documents/com~apple~CloudDocs/Documents/2-ESEO/2-2eAnnee/8-TNI/5-Projet/Dataset/1512427/brainTumorDataPublic_1-766/374.mat,3
/Users/loeuljeanpierre/Library/Mobile Documents/com~apple~CloudDocs/Documents/2-ESEO/2-2eAnnee/8-TNI/5-Projet/Dataset/1512427/brainTumorDataPublic_1-766/96.mat,5
/Users/loeuljeanpierre/Library/Mobile Documents/com~apple~CloudDocs/Documents/2-ESEO/2-2eAnnee/8-TNI/5-Projet/Dataset/1512427/brainTumorDataPublic_767-1532/1039.mat,3
/Users/loeuljeanpierre/Library/Mobile Documents/com~apple~CloudDocs/Documents/2-ESEO/2-2eAnnee/8-TNI/5-Projet/Dataset/1512427/brainTumorDataPublic_1-766/196.mat,1
/Users/loeuljeanpierre/Library/Mobile Documents/com~apple~CloudDocs/Documents/2-ESEO/2-2eAnnee/8-TNI/5-Projet/Dataset/1512427/brainTumorDataPublic_1-766/15.mat,1
/Users/loeuljeanpierre/Library/Mobile Documents/com~apple~CloudDocs/Documents/2-ESEO/2-2eAnnee/8-TNI/5-Projet/Dataset/1512427/brainTumorDataPublic_767-1532/1486.mat,3
/Users/loeuljeanpierre/Library/Mobile Documents/com~apple~CloudDocs/Documents/2-ESEO/2-2eAnnee/8-TNI/5-Projet/Dataset/1512427/brainTumorDataPublic_767-1532/1489.mat,3
/Users/loeuljeanpierre/Library/Mobile Documents/com~apple~CloudDocs/Documents/2-ESEO/2-2eAnnee/8-TNI/5-Projet/Dataset/1512427/brainTumorDataPublic_1-766/728.mat,1
/Users/loeuljeanpierre/Library/Mobile Documents/com~apple~CloudDocs/Documents/2-ESEO/2-2eAnnee/8-TNI/5-Projet/Dataset/1512427/brainTumorDataPublic_767-1532/1104.mat,3
/Users/loeuljeanpierre/Library/Mobile Documents/com~apple~CloudDocs/Documents/2-ESEO/2-2eAnnee/8-TNI/5-Projet/Dataset/1512427/brainTumorDataPublic_1-766/108.mat,1
/Users/loeuljeanpierre/Library/Mobile Documents/com~apple~CloudDocs/Documents/2-ESEO/2-2eAnnee/8-TNI/5-Projet/Dataset/1512427/brainTumorDataPublic_1-766/301.mat,3
/Users/loeuljeanpierre/Library/Mobile Documents/com~apple~CloudDocs/Documents/2-ESEO/2-2eAnnee/8-TNI/5-Projet/Dataset/1512427/brainTumorDataPublic_1-766/173.mat,1
/Users/loeuljeanpierre/Library/Mobile Documents/com~apple~CloudDocs/Documents/2-ESEO/2-2eAnnee/8-TNI/5-Projet/Dataset/1512427/brainTumorDataPublic_1-766/165.mat,5
/Users/loeuljeanpierre/Library/Mobile Documents/com~apple~CloudDocs/Documents/2-ESEO/2-2eAnnee/8-TNI/5-Projet/Dataset/1512427/brainTumorDataPublic_767-1532/1207.mat,4
/Users/loeuljeanpierre/Library/Mobile Documents/com~apple~CloudDocs/Documents/2-ESEO/2-2eAnnee/8-TNI/5-Projet/Dataset/1512427/brainTumorDataPublic_1-766/16.mat,5
/Users/loeuljeanpierre/Library/Mobile Documents/com~apple~CloudDocs/Documents/2-ESEO/2-2eAnnee/8-TNI/5-Projet/Dataset/1512427/brainTumorDataPublic_1-766/262.mat,3
/Users/loeuljeanpierre/Library/Mobile Documents/com~apple~CloudDocs/Documents/2-ESEO/2-2eAnnee/8-TNI/5-Projet/Dataset/1512427/brainTumorDataPublic_1-766/197.mat,1
/Users/loeuljeanpierre/Library/Mobile Documents/com~apple~CloudDocs/Documents/2-ESEO/2-2eAnnee/8-TNI/5-Projet/Dataset/1512427/brainTumorDataPublic_1-766/353.mat,3
/Users/loeuljeanpierre/Library/Mobile Documents/com~apple~CloudDocs/Documents/2-ESEO/2-2eAnnee/8-TNI/5-Projet/Dataset/1512427/brainTumorDataPublic_1-766/257.mat,3
/Users/loeuljeanpierre/Library/Mobile Documents/com~apple~CloudDocs/Documents/2-ESEO/2-2eAnnee/8-TNI/5-Projet/Dataset/1512427/brainTumorDataPublic_1-766/619.mat,2
/Users/loeuljeanpierre/Library/Mobile Documents/com~apple~CloudDocs/Documents/2-ESEO/2-2eAnnee/8-TNI/5-Projet/Dataset/1512427/brainTumorDataPublic_1-766/500.mat,4
/Users/loeuljeanpierre/Library/Mobile Documents/com~apple~CloudDocs/Documents/2-ESEO/2-2eAnnee/8-TNI/5-Projet/Dataset/1512427/brainTumorDataPublic_767-1532/1011.mat,5
/Users/loeuljeanpierre/Library/Mobile Documents/com~apple~CloudDocs/Documents/2-ESEO/2-2eAnnee/8-TNI/5-Projet/Dataset/1512427/brainTumorDataPublic_1-766/511.mat,2
/Users/loeuljeanpierre/Library/Mobile Documents/com~apple~CloudDocs/Documents/2-ESEO/2-2eAnnee/8-TNI/5-Projet/Dataset/1512427/brainTumorDataPublic_1-766/166.mat,5
/Users/loeuljeanpierre/Library/Mobile Documents/com~apple~CloudDocs/Documents/2-ESEO/2-2eAnnee/8-TNI/5-Projet/Dataset/1512427/brainTumorDataPublic_767-1532/1256.mat,4
/Users/loeuljeanpierre/Library/Mobile Documents/com~apple~CloudDocs/Documents/2-ESEO/2-2eAnnee/8-TNI/5-Projet/Dataset/1512427/brainTumorDataPublic_1-766/727.mat,1
/Users/loeuljeanpierre/Library/Mobile Documents/com~apple~CloudDocs/Documents/2-ESEO/2-2eAnnee/8-TNI/5-Projet/Dataset/1512427/brainTumorDataPublic_767-1532/838.mat,2
/Users/loeuljeanpierre/Library/Mobile Documents/com~apple~CloudDocs/Documents/2-ESEO/2-2eAnnee/8-TNI/5-Projet/Dataset/1512427/brainTumorDataPublic_767-1532/855.mat,4
/Users/loeuljeanpierre/Library/Mobile Documents/com~apple~CloudDocs/Documents/2-ESEO/2-2eAnnee/8-TNI/5-Projet/Dataset/1512427/brainTumorDataPublic_1-766/91.mat,1
/Users/loeuljeanpierre/Library/Mobile Documents/com~apple~CloudDocs/Documents/2-ESEO/2-2eAnnee/8-TNI/5-Projet/Dataset/1512427/brainTumorDataPublic_767-1532/830.mat,4
/Users/loeuljeanpierre/Library/Mobile Documents/com~apple~CloudDocs/Documents/2-ESEO/2-2eAnnee/8-TNI/5-Projet/Dataset/1512427/brainTumorDataPublic_1-766/389.mat,3
/Users/loeuljeanpierre/Library/Mobile Documents/com~apple~CloudDocs/Documents/2-ESEO/2-2eAnnee/8-TNI/5-Projet/Dataset/1512427/brainTumorDataPublic_767-1532/1041.mat,3
/Users/loeuljeanpierre/Library/Mobile Documents/com~apple~CloudDocs/Documents/2-ESEO/2-2eAnnee/8-TNI/5-Projet/Dataset/1512427/brainTumorDataPublic_767-1532/1454.mat,1
/Users/loeuljeanpierre/Library/Mobile Documents/com~apple~CloudDocs/Documents/2-ESEO/2-2eAnnee/8-TNI/5-Projet/Dataset/1512427/brainTumorDataPublic_767-1532/931.mat,5
/Users/loeuljeanpierre/Library/Mobile Documents/com~apple~CloudDocs/Documents/2-ESEO/2-2eAnnee/8-TNI/5-Projet/Dataset/1512427/brainTumorDataPublic_1-766/375.mat,3
/Users/loeuljeanpierre/Library/Mobile Documents/com~apple~CloudDocs/Documents/2-ESEO/2-2eAnnee/8-TNI/5-Projet/Dataset/1512427/brainTumorDataPublic_767-1532/1127.mat,3
/Users/loeuljeanpierre/Library/Mobile Documents/com~apple~CloudDocs/Documents/2-ESEO/2-2eAnnee/8-TNI/5-Projet/Dataset/1512427/brainTumorDataPublic_1-766/441.mat,3
/Users/loeuljeanpierre/Library/Mobile Documents/com~apple~CloudDocs/Documents/2-ESEO/2-2eAnnee/8-TNI/5-Projet/Dataset/1512427/brainTumorDataPublic_767-1532/948.mat,5
/Users/loeuljeanpierre/Library/Mobile Documents/com~apple~CloudDocs/Documents/2-ESEO/2-2eAnnee/8-TNI/5-Projet/Dataset/1512427/brainTumorDataPublic_767-1532/1287.mat,5
/Users/loeuljeanpierre/Library/Mobile Documents/com~apple~CloudDocs/Documents/2-ESEO/2-2eAnnee/8-TNI/5-Projet/Dataset/1512427/brainTumorDataPublic_1-766/355.mat,3
/Users/loeuljeanpierre/Library/Mobile Documents/com~apple~CloudDocs/Documents/2-ESEO/2-2eAnnee/8-TNI/5-Projet/Dataset/1512427/brainTumorDataPublic_767-1532/919.mat,3
/Users/loeuljeanpierre/Library/Mobile Documents/com~apple~CloudDocs/Documents/2-ESEO/2-2eAnnee/8-TNI/5-Projet/Dataset/1512427/brainTumorDataPublic_767-1532/1178.mat,4
/Users/loeuljeanpierre/Library/Mobile Documents/com~apple~CloudDocs/Documents/2-ESEO/2-2eAnnee/8-TNI/5-Projet/Dataset/1512427/brainTumorDataPublic_767-1532/834.mat,2
/Users/loeuljeanpierre/Library/Mobile Documents/com~apple~CloudDocs/Documents/2-ESEO/2-2eAnnee/8-TNI/5-Projet/Dataset/1512427/brainTumorDataPublic_767-1532/1525.mat,3
/Users/loeuljeanpierre/Library/Mobile Documents/com~apple~CloudDocs/Documents/2-ESEO/2-2eAnnee/8-TNI/5-Projet/Dataset/1512427/brainTumorDataPublic_767-1532/888.mat,2
/Users/loeuljeanpierre/Library/Mobile Documents/com~apple~CloudDocs/Documents/2-ESEO/2-2eAnnee/8-TNI/5-Projet/Dataset/1512427/brainTumorDataPublic_767-1532/1133.mat,3
/Users/loeuljeanpierre/Library/Mobile Documents/com~apple~CloudDocs/Documents/2-ESEO/2-2eAnnee/8-TNI/5-Projet/Dataset/1512427/brainTumorDataPublic_1-766/280.mat,3
/Users/loeuljeanpierre/Library/Mobile Documents/com~apple~CloudDocs/Documents/2-ESEO/2-2eAnnee/8-TNI/5-Projet/Dataset/1512427/brainTumorDataPublic_1-766/493.mat,4
/Users/loeuljeanpierre/Library/Mobile Documents/com~apple~CloudDocs/Documents/2-ESEO/2-2eAnnee/8-TNI/5-Projet/Dataset/1512427/brainTumorDataPublic_767-1532/1312.mat,5
/Users/loeuljeanpierre/Library/Mobile Documents/com~apple~CloudDocs/Documents/2-ESEO/2-2eAnnee/8-TNI/5-Projet/Dataset/1512427/brainTumorDataPublic_767-1532/1196.mat,4
/Users/loeuljeanpierre/Library/Mobile Documents/com~apple~CloudDocs/Documents/2-ESEO/2-2eAnnee/8-TNI/5-Projet/Dataset/1512427/brainTumorDataPublic_1-766/269.mat,3
/Users/loeuljeanpierre/Library/Mobile Documents/com~apple~CloudDocs/Documents/2-ESEO/2-2eAnnee/8-TNI/5-Projet/Dataset/1512427/brainTumorDataPublic_1-766/175.mat,1
/Users/loeuljeanpierre/Library/Mobile Documents/com~apple~CloudDocs/Documents/2-ESEO/2-2eAnnee/8-TNI/5-Projet/Dataset/1512427/brainTumorDataPublic_767-1532/1167.mat,4
/Users/loeuljeanpierre/Library/Mobile Documents/com~apple~CloudDocs/Documents/2-ESEO/2-2eAnnee/8-TNI/5-Projet/Dataset/1512427/brainTumorDataPublic_767-1532/1249.mat,4
/Users/loeuljeanpierre/Library/Mobile Documents/com~apple~CloudDocs/Documents/2-ESEO/2-2eAnnee/8-TNI/5-Projet/Dataset/1512427/brainTumorDataPublic_767-1532/1093.mat,3
/Users/loeuljeanpierre/Library/Mobile Documents/com~apple~CloudDocs/Documents/2-ESEO/2-2eAnnee/8-TNI/5-Projet/Dataset/1512427/brainTumorDataPublic_767-1532/782.mat,3
/Users/loeuljeanpierre/Library/Mobile Documents/com~apple~CloudDocs/Documents/2-ESEO/2-2eAnnee/8-TNI/5-Projet/Dataset/1512427/brainTumorDataPublic_1-766/462.mat,4
/Users/loeuljeanpierre/Library/Mobile Documents/com~apple~CloudDocs/Documents/2-ESEO/2-2eAnnee/8-TNI/5-Projet/Dataset/1512427/brainTumorDataPublic_1-766/282.mat,3
/Users/loeuljeanpierre/Library/Mobile Documents/com~apple~CloudDocs/Documents/2-ESEO/2-2eAnnee/8-TNI/5-Projet/Dataset/1512427/brainTumorDataPublic_1-766/237.mat,3
/Users/loeuljeanpierre/Library/Mobile Documents/com~apple~CloudDocs/Documents/2-ESEO/2-2eAnnee/8-TNI/5-Projet/Dataset/1512427/brainTumorDataPublic_767-1532/1243.mat,4
/Users/loeuljeanpierre/Library/Mobile Documents/com~apple~CloudDocs/Documents/2-ESEO/2-2eAnnee/8-TNI/5-Projet/Dataset/1512427/brainTumorDataPublic_767-1532/1181.mat,4
/Users/loeuljeanpierre/Library/Mobile Documents/com~apple~CloudDocs/Documents/2-ESEO/2-2eAnnee/8-TNI/5-Projet/Dataset/1512427/brainTumorDataPublic_767-1532/1475.mat,3
/Users/loeuljeanpierre/Library/Mobile Documents/com~apple~CloudDocs/Documents/2-ESEO/2-2eAnnee/8-TNI/5-Projet/Dataset/1512427/brainTumorDataPublic_767-1532/1215.mat,4
/Users/loeuljeanpierre/Library/Mobile Documents/com~apple~CloudDocs/Documents/2-ESEO/2-2eAnnee/8-TNI/5-Projet/Dataset/1512427/brainTumorDataPublic_1-766/756.mat,3
/Users/loeuljeanpierre/Library/Mobile Documents/com~apple~CloudDocs/Documents/2-ESEO/2-2eAnnee/8-TNI/5-Projet/Dataset/1512427/brainTumorDataPublic_767-1532/1205.mat,4
/Users/loeuljeanpierre/Library/Mobile Documents/com~apple~CloudDocs/Documents/2-ESEO/2-2eAnnee/8-TNI/5-Projet/Dataset/1512427/brainTumorDataPublic_1-766/92.mat,1
/Users/loeuljeanpierre/Library/Mobile Documents/com~apple~CloudDocs/Documents/2-ESEO/2-2eAnnee/8-TNI/5-Projet/Dataset/1512427/brainTumorDataPublic_1-766/34.mat,1
/Users/loeuljeanpierre/Library/Mobile Documents/com~apple~CloudDocs/Documents/2-ESEO/2-2eAnnee/8-TNI/5-Projet/Dataset/1512427/brainTumorDataPublic_767-1532/911.mat,4
/Users/loeuljeanpierre/Library/Mobile Documents/com~apple~CloudDocs/Documents/2-ESEO/2-2eAnnee/8-TNI/5-Projet/Dataset/1512427/brainTumorDataPublic_767-1532/1227.mat,4
/Users/loeuljeanpierre/Library/Mobile Documents/com~apple~CloudDocs/Documents/2-ESEO/2-2eAnnee/8-TNI/5-Projet/Dataset/1512427/brainTumorDataPublic_767-1532/1079.mat,3
/Users/loeuljeanpierre/Library/Mobile Documents/com~apple~CloudDocs/Documents/2-ESEO/2-2eAnnee/8-TNI/5-Projet/Dataset/1512427/brainTumorDataPublic_1-766/709.mat,5
/Users/loeuljeanpierre/Library/Mobile Documents/com~apple~CloudDocs/Documents/2-ESEO/2-2eAnnee/8-TNI/5-Projet/Dataset/1512427/brainTumorDataPublic_1-766/448.mat,4
/Users/loeuljeanpierre/Library/Mobile Documents/com~apple~CloudDocs/Documents/2-ESEO/2-2eAnnee/8-TNI/5-Projet/Dataset/1512427/brainTumorDataPublic_1-766/299.mat,3
/Users/loeuljeanpierre/Library/Mobile Documents/com~apple~CloudDocs/Documents/2-ESEO/2-2eAnnee/8-TNI/5-Projet/Dataset/1512427/brainTumorDataPublic_767-1532/1211.mat,4
/Users/loeuljeanpierre/Library/Mobile Documents/com~apple~CloudDocs/Documents/2-ESEO/2-2eAnnee/8-TNI/5-Projet/Dataset/1512427/brainTumorDataPublic_1-766/401.mat,3
/Users/loeuljeanpierre/Library/Mobile Documents/com~apple~CloudDocs/Documents/2-ESEO/2-2eAnnee/8-TNI/5-Projet/Dataset/1512427/brainTumorDataPublic_767-1532/946.mat,5
/Users/loeuljeanpierre/Library/Mobile Documents/com~apple~CloudDocs/Documents/2-ESEO/2-2eAnnee/8-TNI/5-Projet/Dataset/1512427/brainTumorDataPublic_767-1532/1004.mat,5
/Users/loeuljeanpierre/Library/Mobile Documents/com~apple~CloudDocs/Documents/2-ESEO/2-2eAnnee/8-TNI/5-Projet/Dataset/1512427/brainTumorDataPublic_767-1532/858.mat,4
/Users/loeuljeanpierre/Library/Mobile Documents/com~apple~CloudDocs/Documents/2-ESEO/2-2eAnnee/8-TNI/5-Projet/Dataset/1512427/brainTumorDataPublic_767-1532/795.mat,3
/Users/loeuljeanpierre/Library/Mobile Documents/com~apple~CloudDocs/Documents/2-ESEO/2-2eAnnee/8-TNI/5-Projet/Dataset/1512427/brainTumorDataPublic_1-766/737.mat,1
/Users/loeuljeanpierre/Library/Mobile Documents/com~apple~CloudDocs/Documents/2-ESEO/2-2eAnnee/8-TNI/5-Projet/Dataset/1512427/brainTumorDataPublic_1-766/651.mat,2
/Users/loeuljeanpierre/Library/Mobile Documents/com~apple~CloudDocs/Documents/2-ESEO/2-2eAnnee/8-TNI/5-Projet/Dataset/1512427/brainTumorDataPublic_767-1532/1365.mat,5
/Users/loeuljeanpierre/Library/Mobile Documents/com~apple~CloudDocs/Documents/2-ESEO/2-2eAnnee/8-TNI/5-Projet/Dataset/1512427/brainTumorDataPublic_1-766/678.mat,4
/Users/loeuljeanpierre/Library/Mobile Documents/com~apple~CloudDocs/Documents/2-ESEO/2-2eAnnee/8-TNI/5-Projet/Dataset/1512427/brainTumorDataPublic_767-1532/1483.mat,3
/Users/loeuljeanpierre/Library/Mobile Documents/com~apple~CloudDocs/Documents/2-ESEO/2-2eAnnee/8-TNI/5-Projet/Dataset/1512427/brainTumorDataPublic_1-766/763.mat,3
/Users/loeuljeanpierre/Library/Mobile Documents/com~apple~CloudDocs/Documents/2-ESEO/2-2eAnnee/8-TNI/5-Projet/Dataset/1512427/brainTumorDataPublic_1-766/557.mat,4
/Users/loeuljeanpierre/Library/Mobile Documents/com~apple~CloudDocs/Documents/2-ESEO/2-2eAnnee/8-TNI/5-Projet/Dataset/1512427/brainTumorDataPublic_1-766/553.mat,4
/Users/loeuljeanpierre/Library/Mobile Documents/com~apple~CloudDocs/Documents/2-ESEO/2-2eAnnee/8-TNI/5-Projet/Dataset/1512427/brainTumorDataPublic_1-766/143.mat,1
/Users/loeuljeanpierre/Library/Mobile Documents/com~apple~CloudDocs/Documents/2-ESEO/2-2eAnnee/8-TNI/5-Projet/Dataset/1512427/brainTumorDataPublic_767-1532/1450.mat,5
/Users/loeuljeanpierre/Library/Mobile Documents/com~apple~CloudDocs/Documents/2-ESEO/2-2eAnnee/8-TNI/5-Projet/Dataset/1512427/brainTumorDataPublic_1-766/69.mat,1
/Users/loeuljeanpierre/Library/Mobile Documents/com~apple~CloudDocs/Documents/2-ESEO/2-2eAnnee/8-TNI/5-Projet/Dataset/1512427/brainTumorDataPublic_1-766/7.mat,5
/Users/loeuljeanpierre/Library/Mobile Documents/com~apple~CloudDocs/Documents/2-ESEO/2-2eAnnee/8-TNI/5-Projet/Dataset/1512427/brainTumorDataPublic_767-1532/1275.mat,4
/Users/loeuljeanpierre/Library/Mobile Documents/com~apple~CloudDocs/Documents/2-ESEO/2-2eAnnee/8-TNI/5-Projet/Dataset/1512427/brainTumorDataPublic_1-766/674.mat,4
/Users/loeuljeanpierre/Library/Mobile Documents/com~apple~CloudDocs/Documents/2-ESEO/2-2eAnnee/8-TNI/5-Projet/Dataset/1512427/brainTumorDataPublic_767-1532/1430.mat,5
/Users/loeuljeanpierre/Library/Mobile Documents/com~apple~CloudDocs/Documents/2-ESEO/2-2eAnnee/8-TNI/5-Projet/Dataset/1512427/brainTumorDataPublic_767-1532/967.mat,5
/Users/loeuljeanpierre/Library/Mobile Documents/com~apple~CloudDocs/Documents/2-ESEO/2-2eAnnee/8-TNI/5-Projet/Dataset/1512427/brainTumorDataPublic_767-1532/905.mat,2
/Users/loeuljeanpierre/Library/Mobile Documents/com~apple~CloudDocs/Documents/2-ESEO/2-2eAnnee/8-TNI/5-Projet/Dataset/1512427/brainTumorDataPublic_767-1532/1360.mat,5
/Users/loeuljeanpierre/Library/Mobile Documents/com~apple~CloudDocs/Documents/2-ESEO/2-2eAnnee/8-TNI/5-Projet/Dataset/1512427/brainTumorDataPublic_767-1532/1314.mat,5
/Users/loeuljeanpierre/Library/Mobile Documents/com~apple~CloudDocs/Documents/2-ESEO/2-2eAnnee/8-TNI/5-Projet/Dataset/1512427/brainTumorDataPublic_767-1532/1179.mat,4
/Users/loeuljeanpierre/Library/Mobile Documents/com~apple~CloudDocs/Documents/2-ESEO/2-2eAnnee/8-TNI/5-Projet/Dataset/1512427/brainTumorDataPublic_1-766/29.mat,5
/Users/loeuljeanpierre/Library/Mobile Documents/com~apple~CloudDocs/Documents/2-ESEO/2-2eAnnee/8-TNI/5-Projet/Dataset/1512427/brainTumorDataPublic_767-1532/1446.mat,5
/Users/loeuljeanpierre/Library/Mobile Documents/com~apple~CloudDocs/Documents/2-ESEO/2-2eAnnee/8-TNI/5-Projet/Dataset/1512427/brainTumorDataPublic_1-766/378.mat,3
/Users/loeuljeanpierre/Library/Mobile Documents/com~apple~CloudDocs/Documents/2-ESEO/2-2eAnnee/8-TNI/5-Projet/Dataset/1512427/brainTumorDataPublic_1-766/275.mat,3
/Users/loeuljeanpierre/Library/Mobile Documents/com~apple~CloudDocs/Documents/2-ESEO/2-2eAnnee/8-TNI/5-Projet/Dataset/1512427/brainTumorDataPublic_1-766/291.mat,3
/Users/loeuljeanpierre/Library/Mobile Documents/com~apple~CloudDocs/Documents/2-ESEO/2-2eAnnee/8-TNI/5-Projet/Dataset/1512427/brainTumorDataPublic_767-1532/1187.mat,4
/Users/loeuljeanpierre/Library/Mobile Documents/com~apple~CloudDocs/Documents/2-ESEO/2-2eAnnee/8-TNI/5-Projet/Dataset/1512427/brainTumorDataPublic_1-766/492.mat,4
/Users/loeuljeanpierre/Library/Mobile Documents/com~apple~CloudDocs/Documents/2-ESEO/2-2eAnnee/8-TNI/5-Projet/Dataset/1512427/brainTumorDataPublic_1-766/596.mat,4
/Users/loeuljeanpierre/Library/Mobile Documents/com~apple~CloudDocs/Documents/2-ESEO/2-2eAnnee/8-TNI/5-Projet/Dataset/1512427/brainTumorDataPublic_1-766/338.mat,3
/Users/loeuljeanpierre/Library/Mobile Documents/com~apple~CloudDocs/Documents/2-ESEO/2-2eAnnee/8-TNI/5-Projet/Dataset/1512427/brainTumorDataPublic_1-766/396.mat,3
/Users/loeuljeanpierre/Library/Mobile Documents/com~apple~CloudDocs/Documents/2-ESEO/2-2eAnnee/8-TNI/5-Projet/Dataset/1512427/brainTumorDataPublic_1-766/524.mat,4
/Users/loeuljeanpierre/Library/Mobile Documents/com~apple~CloudDocs/Documents/2-ESEO/2-2eAnnee/8-TNI/5-Projet/Dataset/1512427/brainTumorDataPublic_1-766/235.mat,3
/Users/loeuljeanpierre/Library/Mobile Documents/com~apple~CloudDocs/Documents/2-ESEO/2-2eAnnee/8-TNI/5-Projet/Dataset/1512427/brainTumorDataPublic_1-766/381.mat,3
/Users/loeuljeanpierre/Library/Mobile Documents/com~apple~CloudDocs/Documents/2-ESEO/2-2eAnnee/8-TNI/5-Projet/Dataset/1512427/brainTumorDataPublic_1-766/365.mat,3
/Users/loeuljeanpierre/Library/Mobile Documents/com~apple~CloudDocs/Documents/2-ESEO/2-2eAnnee/8-TNI/5-Projet/Dataset/1512427/brainTumorDataPublic_1-766/231.mat,3
/Users/loeuljeanpierre/Library/Mobile Documents/com~apple~CloudDocs/Documents/2-ESEO/2-2eAnnee/8-TNI/5-Projet/Dataset/1512427/brainTumorDataPublic_1-766/309.mat,3
/Users/loeuljeanpierre/Library/Mobile Documents/com~apple~CloudDocs/Documents/2-ESEO/2-2eAnnee/8-TNI/5-Projet/Dataset/1512427/brainTumorDataPublic_1-766/383.mat,3
/Users/loeuljeanpierre/Library/Mobile Documents/com~apple~CloudDocs/Documents/2-ESEO/2-2eAnnee/8-TNI/5-Projet/Dataset/1512427/brainTumorDataPublic_767-1532/1426.mat,5
/Users/loeuljeanpierre/Library/Mobile Documents/com~apple~CloudDocs/Documents/2-ESEO/2-2eAnnee/8-TNI/5-Projet/Dataset/1512427/brainTumorDataPublic_767-1532/1311.mat,5
/Users/loeuljeanpierre/Library/Mobile Documents/com~apple~CloudDocs/Documents/2-ESEO/2-2eAnnee/8-TNI/5-Projet/Dataset/1512427/brainTumorDataPublic_767-1532/1142.mat,3
/Users/loeuljeanpierre/Library/Mobile Documents/com~apple~CloudDocs/Documents/2-ESEO/2-2eAnnee/8-TNI/5-Projet/Dataset/1512427/brainTumorDataPublic_1-766/759.mat,1
/Users/loeuljeanpierre/Library/Mobile Documents/com~apple~CloudDocs/Documents/2-ESEO/2-2eAnnee/8-TNI/5-Projet/Dataset/1512427/brainTumorDataPublic_1-766/210.mat,1
/Users/loeuljeanpierre/Library/Mobile Documents/com~apple~CloudDocs/Documents/2-ESEO/2-2eAnnee/8-TNI/5-Projet/Dataset/1512427/brainTumorDataPublic_767-1532/1359.mat,1
/Users/loeuljeanpierre/Library/Mobile Documents/com~apple~CloudDocs/Documents/2-ESEO/2-2eAnnee/8-TNI/5-Projet/Dataset/1512427/brainTumorDataPublic_767-1532/1069.mat,3
/Users/loeuljeanpierre/Library/Mobile Documents/com~apple~CloudDocs/Documents/2-ESEO/2-2eAnnee/8-TNI/5-Projet/Dataset/1512427/brainTumorDataPublic_767-1532/1522.mat,3
/Users/loeuljeanpierre/Library/Mobile Documents/com~apple~CloudDocs/Documents/2-ESEO/2-2eAnnee/8-TNI/5-Projet/Dataset/1512427/brainTumorDataPublic_767-1532/821.mat,4
/Users/loeuljeanpierre/Library/Mobile Documents/com~apple~CloudDocs/Documents/2-ESEO/2-2eAnnee/8-TNI/5-Projet/Dataset/1512427/brainTumorDataPublic_767-1532/1528.mat,3
/Users/loeuljeanpierre/Library/Mobile Documents/com~apple~CloudDocs/Documents/2-ESEO/2-2eAnnee/8-TNI/5-Projet/Dataset/1512427/brainTumorDataPublic_767-1532/1106.mat,3
/Users/loeuljeanpierre/Library/Mobile Documents/com~apple~CloudDocs/Documents/2-ESEO/2-2eAnnee/8-TNI/5-Projet/Dataset/1512427/brainTumorDataPublic_767-1532/1048.mat,3
/Users/loeuljeanpierre/Library/Mobile Documents/com~apple~CloudDocs/Documents/2-ESEO/2-2eAnnee/8-TNI/5-Projet/Dataset/1512427/brainTumorDataPublic_1-766/648.mat,2
/Users/loeuljeanpierre/Library/Mobile Documents/com~apple~CloudDocs/Documents/2-ESEO/2-2eAnnee/8-TNI/5-Projet/Dataset/1512427/brainTumorDataPublic_767-1532/1364.mat,5
/Users/loeuljeanpierre/Library/Mobile Documents/com~apple~CloudDocs/Documents/2-ESEO/2-2eAnnee/8-TNI/5-Projet/Dataset/1512427/brainTumorDataPublic_767-1532/806.mat,3
/Users/loeuljeanpierre/Library/Mobile Documents/com~apple~CloudDocs/Documents/2-ESEO/2-2eAnnee/8-TNI/5-Projet/Dataset/1512427/brainTumorDataPublic_767-1532/1230.mat,4
/Users/loeuljeanpierre/Library/Mobile Documents/com~apple~CloudDocs/Documents/2-ESEO/2-2eAnnee/8-TNI/5-Projet/Dataset/1512427/brainTumorDataPublic_1-766/435.mat,3
/Users/loeuljeanpierre/Library/Mobile Documents/com~apple~CloudDocs/Documents/2-ESEO/2-2eAnnee/8-TNI/5-Projet/Dataset/1512427/brainTumorDataPublic_767-1532/927.mat,5
/Users/loeuljeanpierre/Library/Mobile Documents/com~apple~CloudDocs/Documents/2-ESEO/2-2eAnnee/8-TNI/5-Projet/Dataset/1512427/brainTumorDataPublic_1-766/37.mat,5
/Users/loeuljeanpierre/Library/Mobile Documents/com~apple~CloudDocs/Documents/2-ESEO/2-2eAnnee/8-TNI/5-Projet/Dataset/1512427/brainTumorDataPublic_1-766/633.mat,4
/Users/loeuljeanpierre/Library/Mobile Documents/com~apple~CloudDocs/Documents/2-ESEO/2-2eAnnee/8-TNI/5-Projet/Dataset/1512427/brainTumorDataPublic_767-1532/1018.mat,5
/Users/loeuljeanpierre/Library/Mobile Documents/com~apple~CloudDocs/Documents/2-ESEO/2-2eAnnee/8-TNI/5-Projet/Dataset/1512427/brainTumorDataPublic_767-1532/1233.mat,4
/Users/loeuljeanpierre/Library/Mobile Documents/com~apple~CloudDocs/Documents/2-ESEO/2-2eAnnee/8-TNI/5-Projet/Dataset/1512427/brainTumorDataPublic_1-766/636.mat,2
/Users/loeuljeanpierre/Library/Mobile Documents/com~apple~CloudDocs/Documents/2-ESEO/2-2eAnnee/8-TNI/5-Projet/Dataset/1512427/brainTumorDataPublic_767-1532/1514.mat,3
/Users/loeuljeanpierre/Library/Mobile Documents/com~apple~CloudDocs/Documents/2-ESEO/2-2eAnnee/8-TNI/5-Projet/Dataset/1512427/brainTumorDataPublic_767-1532/1272.mat,4
/Users/loeuljeanpierre/Library/Mobile Documents/com~apple~CloudDocs/Documents/2-ESEO/2-2eAnnee/8-TNI/5-Projet/Dataset/1512427/brainTumorDataPublic_1-766/497.mat,4
/Users/loeuljeanpierre/Library/Mobile Documents/com~apple~CloudDocs/Documents/2-ESEO/2-2eAnnee/8-TNI/5-Projet/Dataset/1512427/brainTumorDataPublic_767-1532/1305.mat,5
/Users/loeuljeanpierre/Library/Mobile Documents/com~apple~CloudDocs/Documents/2-ESEO/2-2eAnnee/8-TNI/5-Projet/Dataset/1512427/brainTumorDataPublic_767-1532/1278.mat,4
/Users/loeuljeanpierre/Library/Mobile Documents/com~apple~CloudDocs/Documents/2-ESEO/2-2eAnnee/8-TNI/5-Projet/Dataset/1512427/brainTumorDataPublic_767-1532/863.mat,4
/Users/loeuljeanpierre/Library/Mobile Documents/com~apple~CloudDocs/Documents/2-ESEO/2-2eAnnee/8-TNI/5-Projet/Dataset/1512427/brainTumorDataPublic_767-1532/1363.mat,5
/Users/loeuljeanpierre/Library/Mobile Documents/com~apple~CloudDocs/Documents/2-ESEO/2-2eAnnee/8-TNI/5-Projet/Dataset/1512427/brainTumorDataPublic_1-766/264.mat,3
/Users/loeuljeanpierre/Library/Mobile Documents/com~apple~CloudDocs/Documents/2-ESEO/2-2eAnnee/8-TNI/5-Projet/Dataset/1512427/brainTumorDataPublic_767-1532/803.mat,3
/Users/loeuljeanpierre/Library/Mobile Documents/com~apple~CloudDocs/Documents/2-ESEO/2-2eAnnee/8-TNI/5-Projet/Dataset/1512427/brainTumorDataPublic_767-1532/1123.mat,3
/Users/loeuljeanpierre/Library/Mobile Documents/com~apple~CloudDocs/Documents/2-ESEO/2-2eAnnee/8-TNI/5-Projet/Dataset/1512427/brainTumorDataPublic_767-1532/825.mat,4
/Users/loeuljeanpierre/Library/Mobile Documents/com~apple~CloudDocs/Documents/2-ESEO/2-2eAnnee/8-TNI/5-Projet/Dataset/1512427/brainTumorDataPublic_767-1532/861.mat,2
/Users/loeuljeanpierre/Library/Mobile Documents/com~apple~CloudDocs/Documents/2-ESEO/2-2eAnnee/8-TNI/5-Projet/Dataset/1512427/brainTumorDataPublic_767-1532/1111.mat,3
/Users/loeuljeanpierre/Library/Mobile Documents/com~apple~CloudDocs/Documents/2-ESEO/2-2eAnnee/8-TNI/5-Projet/Dataset/1512427/brainTumorDataPublic_767-1532/1378.mat,5
/Users/loeuljeanpierre/Library/Mobile Documents/com~apple~CloudDocs/Documents/2-ESEO/2-2eAnnee/8-TNI/5-Projet/Dataset/1512427/brainTumorDataPublic_1-766/410.mat,3
/Users/loeuljeanpierre/Library/Mobile Documents/com~apple~CloudDocs/Documents/2-ESEO/2-2eAnnee/8-TNI/5-Projet/Dataset/1512427/brainTumorDataPublic_1-766/669.mat,4
/Users/loeuljeanpierre/Library/Mobile Documents/com~apple~CloudDocs/Documents/2-ESEO/2-2eAnnee/8-TNI/5-Projet/Dataset/1512427/brainTumorDataPublic_1-766/480.mat,2
/Users/loeuljeanpierre/Library/Mobile Documents/com~apple~CloudDocs/Documents/2-ESEO/2-2eAnnee/8-TNI/5-Projet/Dataset/1512427/brainTumorDataPublic_1-766/283.mat,3
/Users/loeuljeanpierre/Library/Mobile Documents/com~apple~CloudDocs/Documents/2-ESEO/2-2eAnnee/8-TNI/5-Projet/Dataset/1512427/brainTumorDataPublic_1-766/157.mat,1
/Users/loeuljeanpierre/Library/Mobile Documents/com~apple~CloudDocs/Documents/2-ESEO/2-2eAnnee/8-TNI/5-Projet/Dataset/1512427/brainTumorDataPublic_1-766/128.mat,5
/Users/loeuljeanpierre/Library/Mobile Documents/com~apple~CloudDocs/Documents/2-ESEO/2-2eAnnee/8-TNI/5-Projet/Dataset/1512427/brainTumorDataPublic_767-1532/1128.mat,3
/Users/loeuljeanpierre/Library/Mobile Documents/com~apple~CloudDocs/Documents/2-ESEO/2-2eAnnee/8-TNI/5-Projet/Dataset/1512427/brainTumorDataPublic_1-766/479.mat,2
/Users/loeuljeanpierre/Library/Mobile Documents/com~apple~CloudDocs/Documents/2-ESEO/2-2eAnnee/8-TNI/5-Projet/Dataset/1512427/brainTumorDataPublic_1-766/198.mat,5
/Users/loeuljeanpierre/Library/Mobile Documents/com~apple~CloudDocs/Documents/2-ESEO/2-2eAnnee/8-TNI/5-Projet/Dataset/1512427/brainTumorDataPublic_767-1532/971.mat,5
/Users/loeuljeanpierre/Library/Mobile Documents/com~apple~CloudDocs/Documents/2-ESEO/2-2eAnnee/8-TNI/5-Projet/Dataset/1512427/brainTumorDataPublic_767-1532/1292.mat,5
/Users/loeuljeanpierre/Library/Mobile Documents/com~apple~CloudDocs/Documents/2-ESEO/2-2eAnnee/8-TNI/5-Projet/Dataset/1512427/brainTumorDataPublic_767-1532/1356.mat,5
/Users/loeuljeanpierre/Library/Mobile Documents/com~apple~CloudDocs/Documents/2-ESEO/2-2eAnnee/8-TNI/5-Projet/Dataset/1512427/brainTumorDataPublic_767-1532/1060.mat,3
/Users/loeuljeanpierre/Library/Mobile Documents/com~apple~CloudDocs/Documents/2-ESEO/2-2eAnnee/8-TNI/5-Projet/Dataset/1512427/brainTumorDataPublic_1-766/712.mat,5
/Users/loeuljeanpierre/Library/Mobile Documents/com~apple~CloudDocs/Documents/2-ESEO/2-2eAnnee/8-TNI/5-Projet/Dataset/1512427/brainTumorDataPublic_1-766/478.mat,2
/Users/loeuljeanpierre/Library/Mobile Documents/com~apple~CloudDocs/Documents/2-ESEO/2-2eAnnee/8-TNI/5-Projet/Dataset/1512427/brainTumorDataPublic_1-766/5.mat,1
/Users/loeuljeanpierre/Library/Mobile Documents/com~apple~CloudDocs/Documents/2-ESEO/2-2eAnnee/8-TNI/5-Projet/Dataset/1512427/brainTumorDataPublic_1-766/392.mat,3
/Users/loeuljeanpierre/Library/Mobile Documents/com~apple~CloudDocs/Documents/2-ESEO/2-2eAnnee/8-TNI/5-Projet/Dataset/1512427/brainTumorDataPublic_767-1532/1097.mat,3
/Users/loeuljeanpierre/Library/Mobile Documents/com~apple~CloudDocs/Documents/2-ESEO/2-2eAnnee/8-TNI/5-Projet/Dataset/1512427/brainTumorDataPublic_1-766/348.mat,3
/Users/loeuljeanpierre/Library/Mobile Documents/com~apple~CloudDocs/Documents/2-ESEO/2-2eAnnee/8-TNI/5-Projet/Dataset/1512427/brainTumorDataPublic_1-766/562.mat,2
/Users/loeuljeanpierre/Library/Mobile Documents/com~apple~CloudDocs/Documents/2-ESEO/2-2eAnnee/8-TNI/5-Projet/Dataset/1512427/brainTumorDataPublic_1-766/350.mat,3
/Users/loeuljeanpierre/Library/Mobile Documents/com~apple~CloudDocs/Documents/2-ESEO/2-2eAnnee/8-TNI/5-Projet/Dataset/1512427/brainTumorDataPublic_767-1532/1370.mat,5
/Users/loeuljeanpierre/Library/Mobile Documents/com~apple~CloudDocs/Documents/2-ESEO/2-2eAnnee/8-TNI/5-Projet/Dataset/1512427/brainTumorDataPublic_1-766/521.mat,4
/Users/loeuljeanpierre/Library/Mobile Documents/com~apple~CloudDocs/Documents/2-ESEO/2-2eAnnee/8-TNI/5-Projet/Dataset/1512427/brainTumorDataPublic_767-1532/925.mat,1
/Users/loeuljeanpierre/Library/Mobile Documents/com~apple~CloudDocs/Documents/2-ESEO/2-2eAnnee/8-TNI/5-Projet/Dataset/1512427/brainTumorDataPublic_767-1532/1240.mat,4
/Users/loeuljeanpierre/Library/Mobile Documents/com~apple~CloudDocs/Documents/2-ESEO/2-2eAnnee/8-TNI/5-Projet/Dataset/1512427/brainTumorDataPublic_767-1532/945.mat,5
/Users/loeuljeanpierre/Library/Mobile Documents/com~apple~CloudDocs/Documents/2-ESEO/2-2eAnnee/8-TNI/5-Projet/Dataset/1512427/brainTumorDataPublic_1-766/599.mat,4
/Users/loeuljeanpierre/Library/Mobile Documents/com~apple~CloudDocs/Documents/2-ESEO/2-2eAnnee/8-TNI/5-Projet/Dataset/1512427/brainTumorDataPublic_1-766/325.mat,3
/Users/loeuljeanpierre/Library/Mobile Documents/com~apple~CloudDocs/Documents/2-ESEO/2-2eAnnee/8-TNI/5-Projet/Dataset/1512427/brainTumorDataPublic_1-766/394.mat,3
/Users/loeuljeanpierre/Library/Mobile Documents/com~apple~CloudDocs/Documents/2-ESEO/2-2eAnnee/8-TNI/5-Projet/Dataset/1512427/brainTumorDataPublic_767-1532/790.mat,3
/Users/loeuljeanpierre/Library/Mobile Documents/com~apple~CloudDocs/Documents/2-ESEO/2-2eAnnee/8-TNI/5-Projet/Dataset/1512427/brainTumorDataPublic_1-766/454.mat,4
/Users/loeuljeanpierre/Library/Mobile Documents/com~apple~CloudDocs/Documents/2-ESEO/2-2eAnnee/8-TNI/5-Projet/Dataset/1512427/brainTumorDataPublic_767-1532/1366.mat,5
/Users/loeuljeanpierre/Library/Mobile Documents/com~apple~CloudDocs/Documents/2-ESEO/2-2eAnnee/8-TNI/5-Projet/Dataset/1512427/brainTumorDataPublic_1-766/221.mat,3
/Users/loeuljeanpierre/Library/Mobile Documents/com~apple~CloudDocs/Documents/2-ESEO/2-2eAnnee/8-TNI/5-Projet/Dataset/1512427/brainTumorDataPublic_1-766/447.mat,4
/Users/loeuljeanpierre/Library/Mobile Documents/com~apple~CloudDocs/Documents/2-ESEO/2-2eAnnee/8-TNI/5-Projet/Dataset/1512427/brainTumorDataPublic_767-1532/958.mat,5
/Users/loeuljeanpierre/Library/Mobile Documents/com~apple~CloudDocs/Documents/2-ESEO/2-2eAnnee/8-TNI/5-Projet/Dataset/1512427/brainTumorDataPublic_767-1532/1007.mat,5
/Users/loeuljeanpierre/Library/Mobile Documents/com~apple~CloudDocs/Documents/2-ESEO/2-2eAnnee/8-TNI/5-Projet/Dataset/1512427/brainTumorDataPublic_767-1532/1497.mat,3
/Users/loeuljeanpierre/Library/Mobile Documents/com~apple~CloudDocs/Documents/2-ESEO/2-2eAnnee/8-TNI/5-Projet/Dataset/1512427/brainTumorDataPublic_1-766/755.mat,3
/Users/loeuljeanpierre/Library/Mobile Documents/com~apple~CloudDocs/Documents/2-ESEO/2-2eAnnee/8-TNI/5-Projet/Dataset/1512427/brainTumorDataPublic_1-766/141.mat,1
/Users/loeuljeanpierre/Library/Mobile Documents/com~apple~CloudDocs/Documents/2-ESEO/2-2eAnnee/8-TNI/5-Projet/Dataset/1512427/brainTumorDataPublic_767-1532/1053.mat,3
/Users/loeuljeanpierre/Library/Mobile Documents/com~apple~CloudDocs/Documents/2-ESEO/2-2eAnnee/8-TNI/5-Projet/Dataset/1512427/brainTumorDataPublic_1-766/551.mat,4
/Users/loeuljeanpierre/Library/Mobile Documents/com~apple~CloudDocs/Documents/2-ESEO/2-2eAnnee/8-TNI/5-Projet/Dataset/1512427/brainTumorDataPublic_1-766/12.mat,1
/Users/loeuljeanpierre/Library/Mobile Documents/com~apple~CloudDocs/Documents/2-ESEO/2-2eAnnee/8-TNI/5-Projet/Dataset/1512427/brainTumorDataPublic_767-1532/1259.mat,4
/Users/loeuljeanpierre/Library/Mobile Documents/com~apple~CloudDocs/Documents/2-ESEO/2-2eAnnee/8-TNI/5-Projet/Dataset/1512427/brainTumorDataPublic_1-766/563.mat,2
/Users/loeuljeanpierre/Library/Mobile Documents/com~apple~CloudDocs/Documents/2-ESEO/2-2eAnnee/8-TNI/5-Projet/Dataset/1512427/brainTumorDataPublic_767-1532/1006.mat,5
/Users/loeuljeanpierre/Library/Mobile Documents/com~apple~CloudDocs/Documents/2-ESEO/2-2eAnnee/8-TNI/5-Projet/Dataset/1512427/brainTumorDataPublic_767-1532/1268.mat,4
/Users/loeuljeanpierre/Library/Mobile Documents/com~apple~CloudDocs/Documents/2-ESEO/2-2eAnnee/8-TNI/5-Projet/Dataset/1512427/brainTumorDataPublic_1-766/450.mat,4
/Users/loeuljeanpierre/Library/Mobile Documents/com~apple~CloudDocs/Documents/2-ESEO/2-2eAnnee/8-TNI/5-Projet/Dataset/1512427/brainTumorDataPublic_1-766/595.mat,4
/Users/loeuljeanpierre/Library/Mobile Documents/com~apple~CloudDocs/Documents/2-ESEO/2-2eAnnee/8-TNI/5-Projet/Dataset/1512427/brainTumorDataPublic_1-766/4.mat,1
/Users/loeuljeanpierre/Library/Mobile Documents/com~apple~CloudDocs/Documents/2-ESEO/2-2eAnnee/8-TNI/5-Projet/Dataset/1512427/brainTumorDataPublic_1-766/686.mat,2
/Users/loeuljeanpierre/Library/Mobile Documents/com~apple~CloudDocs/Documents/2-ESEO/2-2eAnnee/8-TNI/5-Projet/Dataset/1512427/brainTumorDataPublic_1-766/474.mat,4
/Users/loeuljeanpierre/Library/Mobile Documents/com~apple~CloudDocs/Documents/2-ESEO/2-2eAnnee/8-TNI/5-Projet/Dataset/1512427/brainTumorDataPublic_767-1532/1358.mat,1
/Users/loeuljeanpierre/Library/Mobile Documents/com~apple~CloudDocs/Documents/2-ESEO/2-2eAnnee/8-TNI/5-Projet/Dataset/1512427/brainTumorDataPublic_1-766/194.mat,1
/Users/loeuljeanpierre/Library/Mobile Documents/com~apple~CloudDocs/Documents/2-ESEO/2-2eAnnee/8-TNI/5-Projet/Dataset/1512427/brainTumorDataPublic_1-766/42.mat,5
/Users/loeuljeanpierre/Library/Mobile Documents/com~apple~CloudDocs/Documents/2-ESEO/2-2eAnnee/8-TNI/5-Projet/Dataset/1512427/brainTumorDataPublic_767-1532/1285.mat,5
/Users/loeuljeanpierre/Library/Mobile Documents/com~apple~CloudDocs/Documents/2-ESEO/2-2eAnnee/8-TNI/5-Projet/Dataset/1512427/brainTumorDataPublic_767-1532/1210.mat,4
/Users/loeuljeanpierre/Library/Mobile Documents/com~apple~CloudDocs/Documents/2-ESEO/2-2eAnnee/8-TNI/5-Projet/Dataset/1512427/brainTumorDataPublic_1-766/162.mat,1
/Users/loeuljeanpierre/Library/Mobile Documents/com~apple~CloudDocs/Documents/2-ESEO/2-2eAnnee/8-TNI/5-Projet/Dataset/1512427/brainTumorDataPublic_767-1532/1465.mat,3
/Users/loeuljeanpierre/Library/Mobile Documents/com~apple~CloudDocs/Documents/2-ESEO/2-2eAnnee/8-TNI/5-Projet/Dataset/1512427/brainTumorDataPublic_767-1532/778.mat,3
/Users/loeuljeanpierre/Library/Mobile Documents/com~apple~CloudDocs/Documents/2-ESEO/2-2eAnnee/8-TNI/5-Projet/Dataset/1512427/brainTumorDataPublic_767-1532/885.mat,4
/Users/loeuljeanpierre/Library/Mobile Documents/com~apple~CloudDocs/Documents/2-ESEO/2-2eAnnee/8-TNI/5-Projet/Dataset/1512427/brainTumorDataPublic_767-1532/1151.mat,3
/Users/loeuljeanpierre/Library/Mobile Documents/com~apple~CloudDocs/Documents/2-ESEO/2-2eAnnee/8-TNI/5-Projet/Dataset/1512427/brainTumorDataPublic_767-1532/1150.mat,3
/Users/loeuljeanpierre/Library/Mobile Documents/com~apple~CloudDocs/Documents/2-ESEO/2-2eAnnee/8-TNI/5-Projet/Dataset/1512427/brainTumorDataPublic_1-766/88.mat,5
/Users/loeuljeanpierre/Library/Mobile Documents/com~apple~CloudDocs/Documents/2-ESEO/2-2eAnnee/8-TNI/5-Projet/Dataset/1512427/brainTumorDataPublic_1-766/757.mat,3
/Users/loeuljeanpierre/Library/Mobile Documents/com~apple~CloudDocs/Documents/2-ESEO/2-2eAnnee/8-TNI/5-Projet/Dataset/1512427/brainTumorDataPublic_767-1532/786.mat,3
/Users/loeuljeanpierre/Library/Mobile Documents/com~apple~CloudDocs/Documents/2-ESEO/2-2eAnnee/8-TNI/5-Projet/Dataset/1512427/brainTumorDataPublic_767-1532/1318.mat,5
/Users/loeuljeanpierre/Library/Mobile Documents/com~apple~CloudDocs/Documents/2-ESEO/2-2eAnnee/8-TNI/5-Projet/Dataset/1512427/brainTumorDataPublic_1-766/171.mat,1
/Users/loeuljeanpierre/Library/Mobile Documents/com~apple~CloudDocs/Documents/2-ESEO/2-2eAnnee/8-TNI/5-Projet/Dataset/1512427/brainTumorDataPublic_1-766/531.mat,4
/Users/loeuljeanpierre/Library/Mobile Documents/com~apple~CloudDocs/Documents/2-ESEO/2-2eAnnee/8-TNI/5-Projet/Dataset/1512427/brainTumorDataPublic_767-1532/884.mat,4
/Users/loeuljeanpierre/Library/Mobile Documents/com~apple~CloudDocs/Documents/2-ESEO/2-2eAnnee/8-TNI/5-Projet/Dataset/1512427/brainTumorDataPublic_767-1532/784.mat,3
/Users/loeuljeanpierre/Library/Mobile Documents/com~apple~CloudDocs/Documents/2-ESEO/2-2eAnnee/8-TNI/5-Projet/Dataset/1512427/brainTumorDataPublic_767-1532/1061.mat,3
/Users/loeuljeanpierre/Library/Mobile Documents/com~apple~CloudDocs/Documents/2-ESEO/2-2eAnnee/8-TNI/5-Projet/Dataset/1512427/brainTumorDataPublic_1-766/631.mat,4
/Users/loeuljeanpierre/Library/Mobile Documents/com~apple~CloudDocs/Documents/2-ESEO/2-2eAnnee/8-TNI/5-Projet/Dataset/1512427/brainTumorDataPublic_1-766/580.mat,2
/Users/loeuljeanpierre/Library/Mobile Documents/com~apple~CloudDocs/Documents/2-ESEO/2-2eAnnee/8-TNI/5-Projet/Dataset/1512427/brainTumorDataPublic_767-1532/1154.mat,3
/Users/loeuljeanpierre/Library/Mobile Documents/com~apple~CloudDocs/Documents/2-ESEO/2-2eAnnee/8-TNI/5-Projet/Dataset/1512427/brainTumorDataPublic_1-766/342.mat,3
/Users/loeuljeanpierre/Library/Mobile Documents/com~apple~CloudDocs/Documents/2-ESEO/2-2eAnnee/8-TNI/5-Projet/Dataset/1512427/brainTumorDataPublic_767-1532/1072.mat,3
/Users/loeuljeanpierre/Library/Mobile Documents/com~apple~CloudDocs/Documents/2-ESEO/2-2eAnnee/8-TNI/5-Projet/Dataset/1512427/brainTumorDataPublic_767-1532/1408.mat,5
/Users/loeuljeanpierre/Library/Mobile Documents/com~apple~CloudDocs/Documents/2-ESEO/2-2eAnnee/8-TNI/5-Projet/Dataset/1512427/brainTumorDataPublic_767-1532/1328.mat,1
/Users/loeuljeanpierre/Library/Mobile Documents/com~apple~CloudDocs/Documents/2-ESEO/2-2eAnnee/8-TNI/5-Projet/Dataset/1512427/brainTumorDataPublic_767-1532/1242.mat,4
/Users/loeuljeanpierre/Library/Mobile Documents/com~apple~CloudDocs/Documents/2-ESEO/2-2eAnnee/8-TNI/5-Projet/Dataset/1512427/brainTumorDataPublic_1-766/467.mat,4
/Users/loeuljeanpierre/Library/Mobile Documents/com~apple~CloudDocs/Documents/2-ESEO/2-2eAnnee/8-TNI/5-Projet/Dataset/1512427/brainTumorDataPublic_767-1532/1162.mat,3
/Users/loeuljeanpierre/Library/Mobile Documents/com~apple~CloudDocs/Documents/2-ESEO/2-2eAnnee/8-TNI/5-Projet/Dataset/1512427/brainTumorDataPublic_767-1532/869.mat,4
/Users/loeuljeanpierre/Library/Mobile Documents/com~apple~CloudDocs/Documents/2-ESEO/2-2eAnnee/8-TNI/5-Projet/Dataset/1512427/brainTumorDataPublic_767-1532/839.mat,2
/Users/loeuljeanpierre/Library/Mobile Documents/com~apple~CloudDocs/Documents/2-ESEO/2-2eAnnee/8-TNI/5-Projet/Dataset/1512427/brainTumorDataPublic_1-766/225.mat,3
/Users/loeuljeanpierre/Library/Mobile Documents/com~apple~CloudDocs/Documents/2-ESEO/2-2eAnnee/8-TNI/5-Projet/Dataset/1512427/brainTumorDataPublic_1-766/461.mat,4
/Users/loeuljeanpierre/Library/Mobile Documents/com~apple~CloudDocs/Documents/2-ESEO/2-2eAnnee/8-TNI/5-Projet/Dataset/1512427/brainTumorDataPublic_767-1532/1482.mat,3
/Users/loeuljeanpierre/Library/Mobile Documents/com~apple~CloudDocs/Documents/2-ESEO/2-2eAnnee/8-TNI/5-Projet/Dataset/1512427/brainTumorDataPublic_767-1532/1144.mat,3
/Users/loeuljeanpierre/Library/Mobile Documents/com~apple~CloudDocs/Documents/2-ESEO/2-2eAnnee/8-TNI/5-Projet/Dataset/1512427/brainTumorDataPublic_1-766/87.mat,5
/Users/loeuljeanpierre/Library/Mobile Documents/com~apple~CloudDocs/Documents/2-ESEO/2-2eAnnee/8-TNI/5-Projet/Dataset/1512427/brainTumorDataPublic_1-766/634.mat,4
/Users/loeuljeanpierre/Library/Mobile Documents/com~apple~CloudDocs/Documents/2-ESEO/2-2eAnnee/8-TNI/5-Projet/Dataset/1512427/brainTumorDataPublic_767-1532/794.mat,3
/Users/loeuljeanpierre/Library/Mobile Documents/com~apple~CloudDocs/Documents/2-ESEO/2-2eAnnee/8-TNI/5-Projet/Dataset/1512427/brainTumorDataPublic_767-1532/1407.mat,5
/Users/loeuljeanpierre/Library/Mobile Documents/com~apple~CloudDocs/Documents/2-ESEO/2-2eAnnee/8-TNI/5-Projet/Dataset/1512427/brainTumorDataPublic_1-766/187.mat,5
/Users/loeuljeanpierre/Library/Mobile Documents/com~apple~CloudDocs/Documents/2-ESEO/2-2eAnnee/8-TNI/5-Projet/Dataset/1512427/brainTumorDataPublic_767-1532/1436.mat,5
/Users/loeuljeanpierre/Library/Mobile Documents/com~apple~CloudDocs/Documents/2-ESEO/2-2eAnnee/8-TNI/5-Projet/Dataset/1512427/brainTumorDataPublic_1-766/256.mat,3
